family,metric,label,higher_is_better,reference,n_paired,shipped__mean,shipped__ci_low,shipped__ci_high,shipped__se,shipped__n,shipped__diff_vs_ref,shipped__diff_ci_low,shipped__diff_ci_high,shipped__p,baseline__mean,baseline__ci_low,baseline__ci_high,baseline__se,baseline__n,baseline__diff_vs_ref,baseline__diff_ci_low,baseline__diff_ci_high,baseline__p,agentic-noval__mean,agentic-noval__ci_low,agentic-noval__ci_high,agentic-noval__se,agentic-noval__n,agentic-noval__diff_vs_ref,agentic-noval__diff_ci_low,agentic-noval__diff_ci_high,agentic-noval__p,agentic__mean,agentic__ci_low,agentic__ci_high,agentic__se,agentic__n,agentic__diff_vs_ref,agentic__diff_ci_low,agentic__diff_ci_high,agentic__p,shipped__q,agentic-noval__q,agentic__q
discriminative,mean_margin,Mean margin (gold - degraded),True,baseline,198,0.26505373500679746,0.22236324024703225,0.30624816552126416,0.021598207192435492,198,-0.028736775486761054,-0.05139265368734957,-0.005979601435120692,0.012898710128987101,0.29379051049355853,0.25451304545523545,0.33120982456766,0.019442409640814114,198,,,,,0.3358256581187733,0.29871136695792055,0.37160850084556996,0.018697184313960592,198,0.042035147625214826,0.019032899716311714,0.06540733668575852,0.00039996000399960006,0.4321434309410768,0.3973439050029843,0.46540773286403164,0.017113616531937124,198,0.13835292044751826,0.11405971467868488,0.16254900542929013,9.999000099990002e-05,0.027640093133543788,0.0010908000109080003,0.0001304217404346522
discriminative,min_margin,Min margin over degradations,True,baseline,198,-0.11061731910455347,-0.15891108669631382,-0.06540432507211069,0.023833153729339054,198,-0.047482175227702095,-0.07489688557940043,-0.02019441315683844,0.0006999300069993001,-0.06313514387685137,-0.1061816166407937,-0.022997797655789146,0.021208669898668035,198,,,,,-0.013712795983301997,-0.050313595787221985,0.020674377997763893,0.018031799554914588,198,0.049422347893549386,0.022458145341785432,0.07719281817207566,0.0005999400059994001,0.04481908775360622,0.009431676520418944,0.07876560869805833,0.017485125443764096,198,0.1079542316304576,0.07762782823216482,0.13985171479299377,9.999000099990002e-05,0.0029997000299970002,0.0014998500149985001,0.0001304217404346522
discriminative,rank_acc,Pairwise ranking accuracy,True,baseline,198,0.7454184704184705,0.7222402597402597,0.7676952561327562,0.011535171770380702,198,-0.017857142857142856,-0.034975198412698416,-0.0007210497835497799,0.04129587041295871,0.7632756132756133,0.7414136904761905,0.7844164862914861,0.010988790958344855,198,,,,,0.7758838383838383,0.755916305916306,0.7956714466089466,0.01003162604279996,198,0.01260822510822511,-0.00440205627705627,0.030014880952380956,0.1523847615238476,0.8100649350649349,0.793416305916306,0.8264790764790765,0.008419678474544879,198,0.0467893217893218,0.030608766233766238,0.06356511544011544,9.999000099990002e-05,0.0724927507249275,0.19048095190480951,0.0001304217404346522
discriminative,auc_good_vs_bad,AUC (good vs bad),True,baseline,198,0.7473695286195285,0.7154855850168348,0.7784090909090909,0.016166097933507467,198,-0.04145622895622896,-0.06663948512906848,-0.015922243265993282,0.0015998400159984002,0.7888257575757576,0.7584517045454544,0.8186035704264871,0.015374207147644411,198,,,,,0.8051346801346803,0.7761994949494949,0.8327020202020202,0.014473162213533867,198,0.016308922558922554,-0.008312289562289564,0.04100115740740739,0.20077992200779923,0.8533249158249159,0.829124579124579,0.8760521885521886,0.011944910024121515,198,0.06449915824915824,0.04170086279461279,0.08778847502805834,9.999000099990002e-05,0.004363200043632001,0.2316691407782299,0.0001304217404346522
discriminative,auc_gold_vs_degraded,AUC (gold vs all degraded),True,baseline,198,0.7851010101010102,0.7457891414141414,0.8234006734006732,0.019680189635530886,198,-0.03594276094276094,-0.05799663299663299,-0.013636363636363641,0.0015998400159984002,0.821043771043771,0.7843434343434345,0.8562310606060607,0.018182998721636933,198,,,,,0.8391414141414143,0.8060585016835018,0.8707912457912459,0.016614923412198685,198,0.018097643097643095,-0.005723905723905729,0.04175084175084175,0.1471852814718528,0.879040404040404,0.8511763468013467,0.9056397306397306,0.013835489439755646,198,0.05799663299663299,0.034257154882154875,0.08324915824915825,9.999000099990002e-05,0.004363200043632001,0.19048095190480951,0.0001304217404346522
discriminative,score_range,Score dynamic range (max-min),True,baseline,198,0.7901347249763577,0.7634761530283182,0.8158710084412906,0.013359783268135663,198,0.044172369152542405,0.018341983417384845,0.07006723636336702,0.0014998500149985001,0.7459623558238152,0.718271007808027,0.772723612694122,0.013853519680001845,198,,,,,0.7403783775006475,0.7072449764086136,0.7725264935686452,0.016771777814474417,198,-0.0055839783231677285,-0.03362745047074493,0.02279288363856999,0.7024297570242976,0.8373165877475213,0.8096785489458834,0.8643964649982945,0.013996307472673284,198,0.09135423192370601,0.06324154778013603,0.11870193627645705,9.999000099990002e-05,0.004363200043632001,0.7024297570242976,0.0001304217404346522
discriminative,score_std,Score std across variants,True,baseline,198,0.2830586088281615,0.2725576888668649,0.2938115684863868,0.005390904767739843,198,0.01401956277906727,0.004444115564845102,0.023597061323128547,0.0058994100589941,0.26903904604909423,0.25802353807950773,0.279644785066038,0.005453435044785202,198,,,,,0.26689408753621285,0.25471571798222054,0.2788018377675304,0.006166833188806658,198,-0.002144958512881367,-0.012533961758250813,0.008357035900387545,0.6908309169083092,0.30507321502588114,0.2943313471965379,0.31572613714326725,0.005403203202072751,198,0.036034168976786886,0.024528476568059104,0.047024212454156895,9.999000099990002e-05,0.014748525147485252,0.7024297570242976,0.0001304217404346522
discriminative,saturation_rate,Saturation (degraded scoring >=0.8),False,baseline,198,0.11734006734006734,0.09679713804713803,0.13872053872053872,0.010717449455484472,198,0.0026936026936026976,-0.01835016835016835,0.023232323232323236,0.8094190580941906,0.11464646464646465,0.09478114478114477,0.13552188552188552,0.010368236568297376,198,,,,,0.08080808080808081,0.0632996632996633,0.09966329966329965,0.009394511421813348,198,-0.03383838383838384,-0.054882154882154886,-0.012626262626262626,0.0014998500149985001,0.13905723905723905,0.11801346801346801,0.1612794612794613,0.01105034256581398,198,0.02441077441077441,-0.0001683501683501676,0.04966329966329966,0.060193980601939805,0.8373300600974385,0.0029997000299970002,0.06945459300223823
discriminative,score__gold,Score: gold,,baseline,198,0.6493362541743274,0.6024035216459885,0.696171397825692,0.024110255140356033,198,-0.031244191248688827,-0.057403299015615264,-0.004600102245360574,0.0206979302069793,0.6805804454230161,0.6316185222929955,0.7278306501342917,0.02434462455652001,198,,,,,0.6693415555787681,0.6228614486822489,0.7147392116746368,0.023815169446283747,198,-0.011238889844248052,-0.037683044836808136,0.01602112709275194,0.40575942405759424,0.8251030610736242,0.7857676117536063,0.8618442403503463,0.019382385378029828,198,0.144522615650608,0.1138792966371055,0.17636903592229003,9.999000099990002e-05,0.03880861913808619,0.43474224006170814,0.0001304217404346522
discriminative,score__verbose_empty,Score: verbose-but-empty (hack probe),False,baseline,197,0.3433591781164326,0.31019658261142846,0.377212930946119,0.017050251624217267,198,0.049023654045092166,0.019225411939156223,0.07853134055922037,0.0013998600139986002,0.2949134478347674,0.2640595284695969,0.32616199650775557,0.01581512903145727,197,,,,,0.2246313847312479,0.19687482048248586,0.2537571270617911,0.014564596401753773,198,-0.06914180226732028,-0.1017081094919484,-0.03663169899945082,0.00019998000199980003,0.23468078133222817,0.20595850616588357,0.2649051965685161,0.014896213666397685,198,-0.060359871976691674,-0.09067875047417163,-0.030526286655475292,9.999000099990002e-05,0.004363200043632001,0.0005999400059994002,0.0001304217404346522
discriminative,margin__verbose_empty,Margin vs verbose-but-empty,True,baseline,197,0.3059770760578947,0.23864585478153935,0.370608542336961,0.03365442175043246,198,-0.08042644524935809,-0.11990285161044421,-0.04095766398822843,9.999000099990002e-05,0.38404557852948235,0.32386405033570087,0.44390354320315195,0.03066906048116114,197,,,,,0.4447101708475201,0.39027042219608843,0.4984394065668565,0.02777067907506676,198,0.05784586222081717,0.019445372447540698,0.09612773061792396,0.0023997600239976003,0.5904222797413959,0.5402383719550605,0.6381803077269673,0.025037302222611645,198,0.20561610496562763,0.169382176224617,0.24188016432691212,9.999000099990002e-05,0.0005999400059994002,0.0044995500449955,0.0001304217404346522
discriminative,score__right_method_wrong_answer,Score: confidently wrong,False,baseline,198,0.5048535680439658,0.470356481587873,0.5397817506907748,0.017706051972873886,198,0.01961668900652629,-0.01081197598767982,0.04922034600829834,0.20837916208379162,0.48523687903743956,0.4517471648633444,0.5196795634029792,0.01739322881318923,198,,,,,0.4327102364714831,0.3956433762432137,0.47074007646134325,0.019200111419641293,198,-0.052526642565956363,-0.08202555209447038,-0.022483728967517068,0.0008999100089991,0.46584969036458423,0.4296527730166483,0.5036992753344028,0.018810155916564812,198,-0.019387188672855285,-0.051863123275413085,0.01410434743909652,0.24707529247075294,0.27179890706581517,0.0020767154053825385,0.24707529247075294
discriminative,margin__right_method_wrong_answer,Margin vs confidently wrong,True,baseline,198,0.14448268613036155,0.09055132082514022,0.19738524309827093,0.027209576229922088,198,-0.05086088025521511,-0.08695144025146086,-0.01386612214139741,0.006899310068993101,0.1953435663855766,0.14185931015579262,0.24662590125948786,0.02662206727764972,198,,,,,0.23663131910728505,0.1856324810497178,0.2847461851337709,0.02538893578722797,198,0.041287752721708315,0.006710008376790167,0.07567672516605983,0.022797720227977204,0.3592533707090399,0.309447688618309,0.407413035226353,0.024954446848648434,198,0.16390980432346328,0.125399915538189,0.2031299948478746,9.999000099990002e-05,0.015921484774599464,0.03419658034196581,0.0001304217404346522
discriminative,score__off_topic,Score: off-topic,False,baseline,197,0.044215395266832595,0.031684760650947746,0.05838806005600138,0.006884133561982281,198,-0.03692447524757464,-0.0570638904461521,-0.01604090477078296,0.00039996000399960006,0.08136431414520334,0.06615818834544804,0.09743038334722733,0.00789260540130419,197,,,,,0.027306066368490003,0.01720709771644421,0.0381340905967007,0.005321769381165286,198,-0.05391963830276162,-0.07072674725821339,-0.037917520604833256,9.999000099990002e-05,0.062202816813648594,0.046973624231725235,0.07886234608372605,0.008164179900599278,198,-0.018845746992399177,-0.041902632771033003,0.00430830262482938,0.1110888911108889,0.0019998000199980006,0.0003333000033330001,0.11491954252850577
discriminative,margin__off_topic,Margin vs off-topic,True,baseline,197,0.6051208589074947,0.5574543481308274,0.6528976131385573,0.024444674671078408,198,0.005703939146451609,-0.023225830928594923,0.034160723301130076,0.6943305669433056,0.6010845599347824,0.5565115502273379,0.644566089560208,0.022314348008924192,197,,,,,0.642035489210278,0.5971966079964105,0.6864065223502415,0.023007696696651727,198,0.04072014495676612,0.012444249136577617,0.06912877185106017,0.004199580041995801,0.7629002442599755,0.7212895203470648,0.8028527105201418,0.02072429849464581,198,0.16271260487193553,0.13538633388050703,0.19042903777884793,9.999000099990002e-05,0.7439256074392561,0.0071659500716595,0.0001304217404346522
grounding,generic_criterion_rate,Generic criterion rate,False,baseline,198,0.1897807439474106,0.1650963504088504,0.21580322069905408,0.013039046484006807,198,0.0091989520019823,-0.017364495423207546,0.03568794456105062,0.49965003499650035,0.1805817919454283,0.15257738824026704,0.21005303759091634,0.01461160297304363,198,,,,,0.0775412858746192,0.05535619087702422,0.10238957030623695,0.012092717921178235,198,-0.10304050607080908,-0.12928028481058784,-0.07794387325637325,9.999000099990002e-05,0.07978595478595478,0.05652341871091871,0.10518338143338142,0.012451564035800382,198,-0.1007958371594735,-0.12613455077470231,-0.07507992533560714,9.999000099990002e-05,0.5557222055572221,0.0003333000033330001,0.0001304217404346522
grounding,generic_rate_permuted,…permutation control,,baseline,198,0.9805054513387848,0.9719074675324675,0.9881514550264551,0.0040942789934277895,198,0.01033750200416867,-0.00022055876222543022,0.021044171877505208,0.06319368063193681,0.970167949334616,0.9575815195606863,0.9814814814814814,0.006097696884452318,198,,,,,0.9627284752284752,0.9464523208273209,0.9767618646785313,0.0077491925372945485,198,-0.007439474106140773,-0.019428561407728074,0.003184674122174122,0.2156784321567843,0.9577421035754369,0.9395039181497514,0.973826308722142,0.00872428773781433,198,-0.01242584575917909,-0.026545464566297895,0.00012025012025012095,0.07079292070792921,0.09479052094790522,0.23964270239642702,0.07692087934063738
grounding,weight_mass_on_generic_paper,Reward mass on generic criteria,False,baseline,198,0.1539483538013697,0.1299951150027895,0.17916679681723383,0.01255056791531819,198,-0.010056202605813951,-0.03537578557959989,0.014974121005672832,0.43345665433456654,0.16400455640718364,0.1370138733234536,0.19343371575683796,0.014357392279016551,198,,,,,0.07648442254888446,0.05463601979371009,0.1009646040005795,0.01193808220596708,198,-0.08752013385829918,-0.11290714281302744,-0.06339032728864953,9.999000099990002e-05,0.07664505616652936,0.05376504476896068,0.10165873542335178,0.012220339960213489,198,-0.08735950024065431,-0.11239490159348386,-0.06214223846969333,9.999000099990002e-05,0.5201479852014799,0.0003333000033330001,0.0001304217404346522
grounding,mean_anchors_per_criterion,Anchors per criterion,True,baseline,198,2.190346830498346,2.042350798752314,2.3450640696284633,0.0770240001677051,198,-0.1211816942877549,-0.23540352569708628,-0.007695652411561564,0.043495650434956505,2.3115285247861004,2.1626350764134856,2.461495269250951,0.07671923124457987,198,,,,,2.910002259244683,2.726464983529377,3.090956744574169,0.09372659621358674,198,0.5984737344585829,0.48757178567784626,0.7157456828384856,9.999000099990002e-05,2.9069342414039387,2.7272392075517073,3.0911059868162147,0.0926306873709369,198,0.5954057166178378,0.4747239986444531,0.719950843208419,9.999000099990002e-05,0.0724927507249275,0.0003333000033330001,0.0001304217404346522
grounding,weak_grounding_rate,Weakly grounded (<2 anchors),False,baseline,198,0.4215834390076814,0.3881726536650779,0.4560884958896322,0.017328454284430445,198,0.04041169268441997,0.00743460033232761,0.07352084153220513,0.0178982101789821,0.38117174632326145,0.3436340269578906,0.41973246625708743,0.01930862149202152,198,,,,,0.2569324194324194,0.2193782066698733,0.2955510461760461,0.019426379709640788,198,-0.12423932689084205,-0.1553759638229335,-0.09315340909090912,9.999000099990002e-05,0.25675204425204423,0.22028980278980276,0.294787207391374,0.019017668558247065,198,-0.12441970207121725,-0.15768988131677525,-0.0918641774891775,9.999000099990002e-05,0.0357964203579642,0.0003333000033330001,0.0001304217404346522
grounding,recyclable_rate,Recyclable criterion rate,False,baseline,198,0.0029661696328362993,0.0005611672278338944,0.006212922879589546,0.001488423201047536,198,-0.003106461439794773,-0.008255170755170757,0.0018278519320185976,0.23377662233776622,0.006072631072631072,0.002362914862914863,0.010389911014911008,0.0020463060978168236,198,,,,,0.0,0.0,0.0,0.0,198,-0.006072631072631072,-0.010413660413660415,-0.002362914862914863,0.004299570042995701,0.0,0.0,0.0,0.0,198,-0.006072631072631072,-0.010413660413660415,-0.002362914862914863,0.004299570042995701,0.29222077792220774,0.0071659500716595,0.005374462553744626
grounding,subjective_or_style_rate,Subjective/style criterion rate,False,baseline,198,0.30761602314632613,0.278827096724824,0.3371946421283542,0.01476619752398994,198,0.1384822248458612,0.10776947414258019,0.17009515246257667,9.999000099990002e-05,0.16913379830046496,0.14257220017636682,0.19708398468815136,0.013908746310397619,198,,,,,0.07716268019298322,0.05753139256927137,0.09840915467809404,0.010417112307354204,198,-0.09197111810748174,-0.11625786180710423,-0.06790240973953095,9.999000099990002e-05,0.07313430116460419,0.051767913623974225,0.096148470637107,0.011283803484394492,198,-0.09599949713586077,-0.12172177675018583,-0.0709404698135759,9.999000099990002e-05,0.0005999400059994002,0.0003333000033330001,0.0001304217404346522
grounding,weight_mass_on_subjective,Reward mass on subjective criteria,False,baseline,198,0.30616274032727236,0.2759435957498709,0.3369764106897626,0.015483522086597857,198,0.14830317833384804,0.11756084960031776,0.17943326271040005,9.999000099990002e-05,0.1578595619934243,0.13081919537687778,0.18662371063111782,0.014335726669431259,198,,,,,0.07506689627068848,0.05538556610742395,0.09664876965124063,0.010515696570011767,198,-0.08279266572273583,-0.10778387265951163,-0.05855821037655904,9.999000099990002e-05,0.07419964543992427,0.05178275111976023,0.09863406680793982,0.011850532567402924,198,-0.08365991655350002,-0.11023731422707322,-0.057657041849329405,9.999000099990002e-05,0.0005999400059994002,0.0003333000033330001,0.0001304217404346522
grounding,specificity_lift,Specificity lift vs permuted,True,baseline,198,0.790724707391374,0.7620608365400032,0.8181077641494309,0.014225728775798044,198,0.0011385500021863664,-0.02711914873846692,0.029724385813400953,0.938906109389061,0.7895861573891876,0.7568516195504833,0.8201098739924498,0.016206324368704235,198,,,,,0.8851871893538559,0.8556053591470258,0.91244227994228,0.014595750215388977,198,0.09560103196466832,0.06880509186380397,0.12393639224131649,9.999000099990002e-05,0.8779561487894821,0.8463409892576559,0.9068786576078244,0.01536015862649675,198,0.08836999140029442,0.059403545738773,0.11663285543020391,9.999000099990002e-05,0.938906109389061,0.0003333000033330001,0.0001304217404346522
coverage,claim_recall,Gold-claim recall,True,baseline,197,0.963944363834013,0.9513845980155846,0.9756108677272604,0.006234863900449277,197,0.015826402981231807,-7.3049139346507e-05,0.032241426693197656,0.0560943905609439,0.9481179608527811,0.9325838911467369,0.9624689880420865,0.007722801219410163,197,,,,,0.9131855501204885,0.8913875230411478,0.9333596324100628,0.010766535249540595,197,-0.034932410732292585,-0.05637421850295258,-0.01393096606589116,0.0013998600139986002,0.9053020470714915,0.8835991579227472,0.9254231420120897,0.01077376371011877,197,-0.04281591378128956,-0.06292235590375772,-0.023083825866153818,9.999000099990002e-05,0.08857009035938511,0.0029997000299970002,0.0001304217404346522
coverage,claim_recall_core,Core gold-claim recall,True,baseline,197,0.9772439207718395,0.9628152248203009,0.988704222666786,0.006672813343076601,197,0.01247263941724975,-0.0013348494489320104,0.0267908691703108,0.0832916708329167,0.9647712813545899,0.9484751731795625,0.9787026455284703,0.007794649287416763,197,,,,,0.9473911879070137,0.9283615055256776,0.9645783924052623,0.009284253983229913,197,-0.017380093447576274,-0.036372155162279075,0.0007950735108095508,0.0638936106389361,0.9389205375096686,0.9179030698573846,0.9577783734629061,0.01020717007483104,197,-0.025850743844921212,-0.04536551274486106,-0.006630561200022247,0.009999000099990002,0.118988101189881,0.09127658662705158,0.011998800119988003
coverage,grounded_fraction,Grounded criterion fraction,True,baseline,198,0.6394336583730522,0.6063021994840176,0.6717967918725494,0.016650617258174138,198,-0.03046336379669713,-0.0650012025012025,0.004647266313932962,0.08789121087891211,0.6698970221697494,0.6294966439284622,0.7085377995321177,0.020204705797785657,198,,,,,0.7087802629469295,0.6645262145262145,0.7509982764149432,0.02214683495383082,198,0.038883240777180174,0.009126747270686665,0.0691368091084,0.011998800119988001,0.8111227717288324,0.7735705175856692,0.8480982215736004,0.019096721669116756,198,0.1412257495590829,0.11385732323232323,0.169699525012025,9.999000099990002e-05,0.11985165119851651,0.018945473873665266,0.0001304217404346522
coverage,generic_fraction,Generic criterion fraction,False,baseline,198,0.17964402320462922,0.15990446947833312,0.20004013347763344,0.010176034059581068,198,0.11210554316614922,0.08754349046015711,0.13684929653679653,9.999000099990002e-05,0.06753848003848004,0.053446919592752926,0.08328337942921275,0.007628618094371191,198,,,,,0.004383116883116883,0.0013468013468013469,0.008213233525733525,0.0017847135805330165,198,-0.06315536315536316,-0.0790905583613917,-0.04819755090588425,9.999000099990002e-05,0.007092935123238153,0.002705582156339732,0.012445955769819406,0.0025195824511096625,198,-0.060445544915241886,-0.07525499402393342,-0.04618549765330068,9.999000099990002e-05,0.0005999400059994002,0.0003333000033330001,0.0001304217404346522
coverage,unsupported_fraction,Unsupported criterion fraction,False,baseline,198,0.1809223184223184,0.15153043330126664,0.21143904320987653,0.015353049591007261,198,-0.08164217936945209,-0.11319143819143819,-0.05093217073330711,9.999000099990002e-05,0.2625644977917705,0.22278922431384549,0.3039813493885464,0.02095094790688264,198,,,,,0.2868366201699535,0.244527867965368,0.330528549382716,0.02204042821716249,198,0.02427212237818299,-0.005116692720859385,0.053391486109289135,0.10828917108289171,0.18178429314792952,0.14484327400994068,0.21960107022607026,0.01915299758199937,198,-0.080780204643841,-0.10926573181308032,-0.05382169913419914,9.999000099990002e-05,0.0005999400059994002,0.1476670514766705,0.0001304217404346522
coverage,subquestion_coverage,Sub-question coverage,True,baseline,72,1.0,1.0,1.0,0.0,72,0.008101851851851853,0.0,0.020833333333333332,0.5001499850014999,0.9918981481481483,0.9791666666666666,1.0,0.005657069458142935,72,,,,,0.975462962962963,0.9548611111111112,0.9925925925925926,0.009739433705093723,72,-0.016435185185185185,-0.038425925925925926,0.0037037037037037043,0.18648135186481352,0.9662037037037037,0.9412037037037037,0.9874999999999999,0.011910548645489471,72,-0.025694444444444447,-0.05300925925925926,-0.0009259259259259242,0.07179282071792821,0.5557222055572221,0.22377762223777622,0.07692087934063738
