family,metric,label,higher_is_better,reference,domain,sources_in_cohort,n_paired,shipped__mean,shipped__marginal_mean,shipped__ci_low,shipped__ci_high,shipped__se,shipped__n,shipped__diff_vs_ref,shipped__diff_ci_low,shipped__diff_ci_high,shipped__p,baseline__mean,baseline__marginal_mean,baseline__ci_low,baseline__ci_high,baseline__se,baseline__n,baseline__diff_vs_ref,baseline__diff_ci_low,baseline__diff_ci_high,baseline__p,agentic-noval__mean,agentic-noval__marginal_mean,agentic-noval__ci_low,agentic-noval__ci_high,agentic-noval__se,agentic-noval__n,agentic-noval__diff_vs_ref,agentic-noval__diff_ci_low,agentic-noval__diff_ci_high,agentic-noval__p,agentic__mean,agentic__marginal_mean,agentic__ci_low,agentic__ci_high,agentic__se,agentic__n,agentic__diff_vs_ref,agentic__diff_ci_low,agentic__diff_ci_high,agentic__p,shipped__q,shipped__fdr_family_n,agentic-noval__q,agentic-noval__fdr_family_n,agentic__q,agentic__fdr_family_n
discriminative,mean_margin,Mean margin (gold - degraded),True,baseline,all,"['shipped', 'baseline', 'agentic-noval', 'agentic']",198,0.23929998887735437,0.23929998887735437,0.20072417985551874,0.27641776410176644,0.019470017298012496,198,-0.03315734373323506,-0.05490668796634669,-0.011360747949852684,0.004299570042995701,0.2724573326105894,0.2724573326105894,0.2367000114474866,0.30642348417246246,0.017723150328751002,198,,,,,0.27383452139313286,0.27383452139313286,0.24177116229686343,0.30552559842590327,0.016457641106254303,198,0.0013771887825434156,-0.018501350770844898,0.02113874234477972,0.8894110588941105,0.38521351351257616,0.38521351351257616,0.35242025548154854,0.41716327925041413,0.01626366091508816,198,0.1127561809019867,0.08934655145981908,0.1360933821321162,9.999000099990002e-05,0.007165950071659501,50,0.9264698530146984,50,0.00017855357321410717,50
discriminative,min_margin,Min margin over degradations,True,baseline,all,"['shipped', 'baseline', 'agentic-noval', 'agentic']",198,-0.10676873850921413,-0.10676873850921413,-0.15038224447457216,-0.06611263562388137,0.02172215776251714,198,-0.06215690909322088,-0.08987307788488397,-0.03489244094281732,9.999000099990002e-05,-0.044611829415993245,-0.044611829415993245,-0.08132546270651272,-0.010348654023923385,0.017998048335955336,198,,,,,-0.023727638496958994,-0.023727638496958994,-0.0531718120542319,0.005514946490778792,0.01511806967433753,198,0.02088419091903428,-0.001715394407576949,0.044003853347813524,0.0715928407159284,0.034941447849090486,0.034941447849090486,0.0037890025655481887,0.06599697417840664,0.01577263375029847,198,0.07955327726508374,0.051604899201202044,0.10768596847427454,9.999000099990002e-05,0.00029408823823500005,50,0.11547232373536839,50,0.00017855357321410717,50
discriminative,rank_acc,Pairwise ranking accuracy,True,baseline,all,"['shipped', 'baseline', 'agentic-noval', 'agentic']",198,0.7370670995670995,0.7370670995670995,0.7137080627705626,0.7588383838383839,0.01154962432669416,198,-0.03387445887445888,-0.05212842712842713,-0.01547573953823955,0.00029997000299970003,0.7709415584415584,0.7709415584415584,0.7498011363636363,0.791540404040404,0.010754093414792647,198,,,,,0.762463924963925,0.762463924963925,0.742027417027417,0.7826848845598846,0.010327902060777371,198,-0.008477633477633476,-0.02610028860028859,0.009559884559884562,0.34606539346065396,0.800937950937951,0.800937950937951,0.7830257936507936,0.8187053571428572,0.00918993974717286,198,0.0299963924963925,0.013347312409812406,0.046916035353535356,0.00039996000399960006,0.0006817500068175001,50,0.45534920192191314,50,0.0006450967806445162,50
discriminative,auc_good_vs_bad,AUC (good vs bad),True,baseline,all,"['shipped', 'baseline', 'agentic-noval', 'agentic']",198,0.7374789562289561,0.7374789562289561,0.7050715488215489,0.768521148989899,0.01624174103190127,198,-0.04931257014590346,-0.07660020342312009,-0.021744353254769932,0.00039996000399960006,0.7867915263748597,0.7867915263748597,0.7563824003928169,0.8157617845117844,0.015143400138587535,198,,,,,0.7932449494949495,0.7932449494949495,0.7634680134680134,0.8217592592592592,0.01495766991892877,198,0.006453423120089784,-0.016835016835016835,0.030129419191919173,0.5927407259274072,0.8422769360269361,0.8422769360269361,0.8170244107744107,0.8661616161616161,0.012536561881371226,198,0.055485409652076316,0.03244248035914702,0.07852921576879908,9.999000099990002e-05,0.0008332500083325002,50,0.7056437213421515,50,0.00017855357321410717,50
discriminative,auc_gold_vs_degraded,AUC (gold vs all degraded),True,baseline,all,"['shipped', 'baseline', 'agentic-noval', 'agentic']",198,0.7751683501683503,0.7751683501683503,0.7340067340067339,0.8138047138047138,0.020394780420705378,198,-0.04814814814814815,-0.07298190235690236,-0.023400673400673404,0.00029997000299970003,0.8233164983164982,0.8233164983164982,0.7872895622895624,0.8579987373737374,0.01804914616085677,198,,,,,0.8266835016835017,0.8266835016835017,0.7921717171717173,0.8595117845117846,0.017010755590658715,198,0.0033670033670033695,-0.020875420875420863,0.028619528619528618,0.7932206779322067,0.869023569023569,0.869023569023569,0.8375420875420876,0.8983186026936028,0.015306190506754159,198,0.0457070707070707,0.021717171717171715,0.07096170033670031,0.00019998000199980003,0.0006817500068175001,50,0.8621963890567464,50,0.0003333000033330001,50
discriminative,score_range,Score dynamic range (max-min),True,baseline,all,"['shipped', 'baseline', 'agentic-noval', 'agentic']",198,0.7370667596475764,0.7370667596475764,0.7116144446404773,0.7620257308329847,0.0127620419340451,198,0.049572605099135525,0.02276592827782352,0.07673663951681547,0.0006999300069993001,0.6874941545484408,0.6874941545484408,0.6626690241024095,0.7116327168743687,0.012522390319255792,198,,,,,0.6394142166520543,0.6394142166520543,0.6081732083222593,0.6709893051827336,0.016040864373495906,198,-0.04807993789638643,-0.07310971620967978,-0.022399244117164513,0.00029997000299970003,0.7685229001516793,0.7685229001516793,0.7398984642228434,0.7965001178631262,0.014316131385838322,198,0.0810287456032387,0.05482778504384672,0.10615702340979978,9.999000099990002e-05,0.0013998600139986,50,0.0007142142928564287,50,0.00017855357321410717,50
discriminative,score_std,Score std across variants,True,baseline,all,"['shipped', 'baseline', 'agentic-noval', 'agentic']",198,0.26120435718662394,0.26120435718662394,0.25128707039565473,0.27118562671553,0.0050413018004072455,198,0.016778327513046715,0.006701433399766563,0.026930472904222222,0.0016998300169983002,0.24442602967357724,0.24442602967357724,0.23489829567410048,0.253657290717714,0.004811089112764909,198,,,,,0.22580613846045458,0.22580613846045458,0.21411093048547106,0.23744006712174653,0.0059340813255222054,198,-0.018619891213122672,-0.027821313019366883,-0.00915418199735367,0.00019998000199980003,0.2774596082679821,0.2774596082679821,0.26675092520476446,0.2879275320076886,0.005403169607346526,198,0.033033578594404804,0.022660805286787405,0.04323400683384535,9.999000099990002e-05,0.003268903878842885,50,0.0004999500049995,50,0.00017855357321410717,50
discriminative,saturation_rate,Saturation (degraded scoring >=0.8),False,baseline,all,"['shipped', 'baseline', 'agentic-noval', 'agentic']",198,0.10791245791245792,0.10791245791245792,0.08804713804713803,0.12912457912457911,0.010401516080119026,198,0.012626262626262631,-0.007912457912457909,0.03316498316498316,0.2343765623437656,0.0952861952861953,0.0952861952861953,0.07626262626262625,0.11515151515151514,0.009862805045684259,198,,,,,0.07626262626262627,0.07626262626262627,0.05892255892255893,0.09461279461279462,0.009053490825175039,198,-0.019023569023569022,-0.03838383838383838,0.00016835016835016554,0.0552944705529447,0.15067340067340068,0.15067340067340068,0.12845117845117843,0.17356902356902354,0.011661492541285276,198,0.05538720538720539,0.030972222222222224,0.08114478114478114,9.999000099990002e-05,0.30048277223559694,50,0.09533529405680122,50,0.00017855357321410717,50
discriminative,score__gold,Score: gold,,baseline,all,"['shipped', 'baseline', 'agentic-noval', 'agentic']",198,0.6394439021890793,0.6394439021890793,0.5963369009721261,0.6811003619329896,0.021731638076099735,198,-0.03452116863529161,-0.06034979844861329,-0.007788451893902936,0.010998900109989001,0.6739650708243711,0.6739650708243711,0.6303399286821573,0.7170067534446223,0.022143362909693865,198,,,,,0.66499193668497,0.66499193668497,0.6224401085439074,0.7073748881261395,0.021983993785241008,198,-0.00897313413940107,-0.034208010135172336,0.016300183057320013,0.48835116488351166,0.8139313213258126,0.8139313213258126,0.774232700737763,0.8512713604959367,0.019742392956785336,198,0.13996625050144168,0.10974978969646842,0.1709732331447232,9.999000099990002e-05,0.016174853102925,50,0.6260912370301431,50,0.00017855357321410717,50
discriminative,score__verbose_empty,Score: verbose-but-empty (hack probe),False,baseline,all,"['shipped', 'baseline', 'agentic-noval', 'agentic']",197,0.35756444429505996,0.3571251705122268,0.3263524739492639,0.38825583098768357,0.015789228922175467,198,0.039334681581014795,0.012050932901013322,0.06621763827864105,0.0045995400459954,0.31822976271404513,0.31822976271404513,0.2911292180860324,0.3467815249662693,0.014259668692093934,197,,,,,0.31397841025390893,0.3131378171900335,0.28770374259468023,0.3396831527083822,0.013293536371590288,198,-0.004251352460136155,-0.03333856559979704,0.024896839359664802,0.784021597840216,0.2909197780923787,0.290483544135071,0.2640849017065648,0.31802398514210395,0.013750866813264071,198,-0.027309984621666412,-0.05670488803640058,0.0024968271517195307,0.0775922407759224,0.007343015698430157,50,0.8621963890567464,50,0.09699030096990299,50
discriminative,margin__verbose_empty,Margin vs verbose-but-empty,True,baseline,all,"['shipped', 'baseline', 'agentic-noval', 'agentic']",197,0.2800492238949793,0.28231873167685256,0.22286092871822472,0.3398114507586016,0.029933484551422546,198,-0.07403108457486118,-0.10919711007861811,-0.03862456115590456,9.999000099990002e-05,0.3540803084698405,0.3540803084698405,0.2992172397656359,0.4065781208048677,0.027386508318031924,197,,,,,0.3494378010534945,0.35185411949493645,0.3029042999174287,0.40032625103930847,0.025152300752178818,198,-0.004642507416346004,-0.038586643604209464,0.02866427377757466,0.7861213878612139,0.5220670321741742,0.5234477771907418,0.4766594428666811,0.5691061266691527,0.023553855550075543,198,0.1679867237043337,0.1321944563276086,0.20350029124645544,9.999000099990002e-05,0.00029408823823500005,50,0.8621963890567464,50,0.00017855357321410717,50
discriminative,score__right_method_wrong_answer,Score: confidently wrong,False,baseline,all,"['shipped', 'baseline', 'agentic-noval', 'agentic']",197,0.5148425264274267,0.5153988773040558,0.483889450694747,0.5474708620348673,0.01631028184083606,198,0.02495039422926378,-0.00486710781318678,0.053715776766573596,0.08949105089491051,0.48989213219816297,0.4903823563877638,0.46088576358124334,0.5199714415312522,0.015128027904769385,198,,,,,0.470747240719767,0.470747240719767,0.43803581853054013,0.5038751510213698,0.016683320030387253,197,-0.019144891478395844,-0.04466211281774204,0.006884376923918446,0.1416858314168583,0.5018911645998023,0.5036602693899219,0.4696005027816261,0.5387237879920517,0.0177040298684885,198,0.011999032401639428,-0.01829400407531257,0.04275471886093689,0.44615538446155384,0.12429312624293126,50,0.20836151678949752,50,0.5001722050017221,50
discriminative,margin__right_method_wrong_answer,Margin vs confidently wrong,True,baseline,all,"['shipped', 'baseline', 'agentic-noval', 'agentic']",197,0.12467469506210498,0.12404502488502364,0.07499918361307006,0.17130010041448657,0.02448936323818475,198,-0.059288156746394205,-0.09532621535078142,-0.023097305306629286,0.0021997800219978004,0.18396285180849914,0.18358271443660723,0.13427107197858998,0.23106452812127132,0.024420875782522524,198,,,,,0.19254414742045664,0.19254414742045664,0.14923300379628998,0.23631674461364305,0.02230484589180835,197,0.008581295611957416,-0.0228061310662352,0.0388347168093753,0.577042295770423,0.3110956456667506,0.3102710519358909,0.26514422378331776,0.35367725767804453,0.022708791551170535,198,0.12713279385825144,0.08951910454984355,0.16504822167078928,9.999000099990002e-05,0.004073666707403334,50,0.7056437213421515,50,0.00017855357321410717,50
discriminative,score__off_topic,Score: off-topic,False,baseline,all,"['shipped', 'baseline', 'agentic-noval', 'agentic']",198,0.08343358533483396,0.08343358533483396,0.06870315648801396,0.09882360825294248,0.007677041370752362,198,-0.0302010446139431,-0.04992691073997683,-0.009289382648229831,0.0029997000299970002,0.11363462994877704,0.11363462994877704,0.09916282695078985,0.12859845146296708,0.007469452806430851,198,,,,,0.13288860593779378,0.13288860593779378,0.1162703668011094,0.14916940239750118,0.008429834824264761,198,0.01925397598901672,-0.0019058761763268177,0.04031772553728473,0.08049195080491951,0.1199166126488395,0.1199166126488395,0.10203004128643128,0.13772260628136376,0.009134225383514803,198,0.006281982700062446,-0.017073816604612813,0.029157412155999207,0.5938406159384062,0.005356607196423215,50,0.12576867313268675,50,0.6454789303678329,50
discriminative,margin__off_topic,Margin vs off-topic,True,baseline,all,"['shipped', 'baseline', 'agentic-noval', 'agentic']",198,0.5560103168542453,0.5560103168542453,0.5116407948257491,0.599955520772763,0.022566930723061943,198,-0.00432012402134851,-0.03299970797623275,0.02401963831916854,0.7731226877312268,0.5603304408755939,0.5603304408755939,0.5178812313542165,0.6008496699497403,0.021187719970353496,198,,,,,0.5321033307471761,0.5321033307471761,0.49017301766035704,0.5742855503180231,0.021477278682142498,198,-0.028227110128417807,-0.05546563151557094,0.0003405381681894229,0.04609539046095391,0.6940147086769731,0.6940147086769731,0.6539396475744054,0.7329351259380625,0.0201831702483493,198,0.13368426780137924,0.10438173209175158,0.1627749083658908,9.999000099990002e-05,0.859025208590252,50,0.08320596511777394,50,0.00017855357321410717,50
grounding,generic_criterion_rate,Generic criterion rate,False,baseline,all,"['shipped', 'baseline', 'agentic-noval', 'agentic']",198,0.22641959611656579,0.22641959611656579,0.20209571362980455,0.2513582471821108,0.01265345197431922,198,0.01667389024786529,-0.008835090130210454,0.041617759324421535,0.19968003199680032,0.20974570586870053,0.20974570586870053,0.1819521603289428,0.2387835250385384,0.014548449995992087,198,,,,,0.08932220977675524,0.08932220977675524,0.06722602681409501,0.1127735655197776,0.011711042582255573,198,-0.12042349609194528,-0.14477215628870038,-0.0970737429307505,9.999000099990002e-05,0.0950067048551897,0.0950067048551897,0.07053763366263366,0.12162497890717584,0.013079558804998462,198,-0.11473900101351082,-0.13941491245022886,-0.08918020222498832,9.999000099990002e-05,0.2627368842063162,50,0.00026313158157868424,50,0.00017855357321410717,50
grounding,generic_rate_permuted,…permutation control,,baseline,all,"['shipped', 'baseline', 'agentic-noval', 'agentic']",198,0.9811385864416168,0.9811385864416168,0.9726648610928914,0.9884680635722303,0.004003556386230808,198,0.008023383001101359,-0.0010613178042990867,0.017329364040593986,0.0862913708629137,0.9731152034405155,0.9731152034405155,0.9617899530076446,0.9831614446036238,0.0053844827754708,198,,,,,0.9607062269941058,0.9607062269941058,0.9453859934257662,0.9742683128810025,0.0074001915387658735,198,-0.0124089764464096,-0.023856896645722405,-0.002845900952797123,0.012198780121987801,0.9567399631793572,0.9567399631793572,0.938802539702161,0.9727184361654058,0.00859486615302011,198,-0.016375240261158264,-0.02932580645983052,-0.004945724684472462,0.006199380061993801,0.12327338694701957,50,0.024397560243975606,50,0.009686531346865314,50
grounding,weight_mass_on_generic_paper,Reward mass on generic criteria,False,baseline,all,"['shipped', 'baseline', 'agentic-noval', 'agentic']",198,0.1801345164560781,0.1801345164560781,0.15661153998334745,0.204683203726989,0.012282187064133372,198,-0.004790748818162166,-0.029680702296504248,0.019672470430164124,0.6993300669933007,0.18492526527424025,0.18492526527424025,0.15699010594519897,0.21405853330479055,0.014505515288802196,198,,,,,0.0863746181381599,0.0863746181381599,0.06468229269578028,0.10954179726436448,0.01153483592942861,198,-0.09855064713608033,-0.12278077176212703,-0.07589442539583041,9.999000099990002e-05,0.0901124612180484,0.0901124612180484,0.06651734813309776,0.11597018593144533,0.012749930753633856,198,-0.09481280405619183,-0.11999051210405783,-0.06917433075305886,9.999000099990002e-05,0.7946932579469326,50,0.00026313158157868424,50,0.00017855357321410717,50
grounding,mean_anchors_per_criterion,Anchors per criterion,True,baseline,all,"['shipped', 'baseline', 'agentic-noval', 'agentic']",198,2.033131416843538,2.033131416843538,1.8946028830877315,2.178209905274299,0.07198684459718414,198,-0.15745586030791023,-0.2604128815826677,-0.055735710965768945,0.0038996100389961006,2.1905872771514483,2.1905872771514483,2.0504349319929758,2.3334587879440822,0.07209544849548576,198,,,,,2.7348207488359004,2.7348207488359004,2.566921734445409,2.9021332250451572,0.08615214179558182,198,0.544233471684452,0.4392382255564631,0.6524484090317979,9.999000099990002e-05,2.820800306595761,2.820800306595761,2.644554608375631,3.0044720728906333,0.0911117672714291,198,0.6302130294443129,0.5094082607290049,0.7535059139175672,9.999000099990002e-05,0.006723465584476036,50,0.00026313158157868424,50,0.00017855357321410717,50
grounding,weak_grounding_rate,Weakly grounded (<2 anchors),False,baseline,all,"['shipped', 'baseline', 'agentic-noval', 'agentic']",198,0.4644211708605647,0.4644211708605647,0.43259476739590375,0.49686744967994967,0.01645949267349385,198,0.0544370785680946,0.023711433994967862,0.08468444982593823,0.00039996000399960006,0.40998409229247024,0.40998409229247024,0.37416188421814534,0.4465892186146197,0.01852251503190633,198,,,,,0.2853755742013318,0.2853755742013318,0.2495170028834802,0.3230032255553089,0.01878480530066368,198,-0.12460851809113839,-0.15441966572453425,-0.09531509627849867,9.999000099990002e-05,0.27125359909450814,0.27125359909450814,0.23511851259010347,0.30843648477644686,0.01870241175780358,198,-0.13873049319796202,-0.17117002548765026,-0.10638558078425503,9.999000099990002e-05,0.0008332500083325002,50,0.00026313158157868424,50,0.00017855357321410717,50
grounding,recyclable_rate,Recyclable criterion rate,False,baseline,all,"['shipped', 'baseline', 'agentic-noval', 'agentic']",198,0.012682799804011926,0.012682799804011926,0.008136246119200666,0.01770311758948122,0.002456815642295244,198,-0.0029599188690097775,-0.009890777362368272,0.004030697136757741,0.4052594740525947,0.015642718673021704,0.015642718673021704,0.010072983624119987,0.021765508621569226,0.002993433079136746,198,,,,,0.0,0.0,0.0,0.0,0.0,198,-0.015642718673021704,-0.021685565066246887,-0.010093171068549857,9.999000099990002e-05,0.0,0.0,0.0,0.0,0.0,198,-0.015642718673021704,-0.021685565066246887,-0.010093171068549857,9.999000099990002e-05,0.4824517548245175,50,0.00026313158157868424,50,0.00017855357321410717,50
grounding,subjective_or_style_rate,Subjective/style criterion rate,False,baseline,all,"['shipped', 'baseline', 'agentic-noval', 'agentic']",198,0.31968058596846477,0.31968058596846477,0.29440056926799346,0.34604329978383,0.0130923414275202,198,0.13827866445959136,0.11040079344056616,0.16610702167130417,9.999000099990002e-05,0.18140192150887338,0.18140192150887338,0.1565170137390503,0.2075205504372171,0.01298189188994288,198,,,,,0.0733610104822226,0.0733610104822226,0.055117502096668755,0.09328285526202193,0.009756281608933515,198,-0.10804091102665078,-0.1294295885441719,-0.08625784169121958,9.999000099990002e-05,0.07798382173382172,0.07798382173382172,0.05685056385813962,0.10126284209617542,0.011238134359938803,198,-0.10341809977505165,-0.12752142333470318,-0.07937630827448118,9.999000099990002e-05,0.00029408823823500005,50,0.00026313158157868424,50,0.00017855357321410717,50
grounding,weight_mass_on_subjective,Reward mass on subjective criteria,False,baseline,all,"['shipped', 'baseline', 'agentic-noval', 'agentic']",198,0.31174771629456743,0.31174771629456743,0.28306495190080994,0.3412711280402769,0.014757135025962249,198,0.1499761981423013,0.12085783425032515,0.17973929632858707,9.999000099990002e-05,0.16177151815226617,0.16177151815226617,0.1358836533673099,0.18917092340701477,0.013644107139489686,198,,,,,0.07231016923690066,0.07231016923690066,0.0539318661565494,0.09222738214797867,0.009781524793968089,198,-0.0894613489153655,-0.11201385129650346,-0.066868410866702,9.999000099990002e-05,0.0774112251326212,0.0774112251326212,0.055375602316893,0.10163790563323119,0.011741637614528108,198,-0.08436029301964497,-0.10985993818756286,-0.05891712277165763,9.999000099990002e-05,0.00029408823823500005,50,0.00026313158157868424,50,0.00017855357321410717,50
grounding,specificity_lift,Specificity lift vs permuted,True,baseline,all,"['shipped', 'baseline', 'agentic-noval', 'agentic']",198,0.754718990325051,0.754718990325051,0.7272405852424791,0.7811190573595876,0.01366543312563547,198,-0.008650507246763929,-0.03613880396522998,0.018576908109550684,0.5336466353364664,0.7633694975718148,0.7633694975718148,0.7315885647040951,0.7940642925396715,0.016112918635558214,198,,,,,0.8713840172173504,0.8713840172173504,0.8436365162264782,0.8979031884571659,0.014009651152367339,198,0.10801451964553567,0.08360621223366321,0.13298146846386596,9.999000099990002e-05,0.8617332583241674,0.8617332583241674,0.8293779256658045,0.8916689045382227,0.015848373500402562,198,0.09836376075235258,0.07079485875664573,0.1253050505891415,9.999000099990002e-05,0.6205193434144959,50,0.00026313158157868424,50,0.00017855357321410717,50
transfer,same_question_pass_rate,Same-question pass rate,,baseline,all,"['shipped', 'baseline', 'agentic-noval', 'agentic']",198,0.6211712950349314,0.6211712950349314,0.5779207289623955,0.6634286543282755,0.02186023306630111,198,-0.03586053314217309,-0.06205926436819931,-0.008749061911383672,0.009499050094990502,0.6570318281771045,0.6570318281771045,0.6121755745162608,0.7012576115127364,0.02275585504223012,198,,,,,0.6161905785011846,0.6161905785011846,0.572945028106013,0.6592426733619916,0.02230322500231078,198,-0.040841249675919886,-0.06746484188551925,-0.014412666756973795,0.0036996300369963003,0.789402243379516,0.789402243379516,0.7466789444772399,0.8296001361152877,0.02118245865715074,198,0.13237041520241163,0.10153621315553134,0.1642102091890416,9.999000099990002e-05,0.014392500143925003,50,0.008042673993470218,50,0.00017855357321410717,50
transfer,cross_pass_rate,Cross-question pass rate,False,baseline,all,"['shipped', 'baseline', 'agentic-noval', 'agentic']",198,0.07147372128432733,0.07147372128432733,0.060517801152270845,0.08286226942950425,0.005704049898012205,198,-0.03608504496427848,-0.052635913551688944,-0.019771208028783797,9.999000099990002e-05,0.10755876624860583,0.10755876624860583,0.0948033492243051,0.12091619843235261,0.006634760808898587,198,,,,,0.10570976792567702,0.10570976792567702,0.09373448459859443,0.1178302367175473,0.006205818130814982,198,-0.0018489983229288017,-0.01889746651541994,0.015368768436950233,0.8297170282971703,0.09661560731636488,0.09661560731636488,0.08241682051814628,0.11170046222366296,0.007490219190000343,198,-0.01094315893224093,-0.030656702304429583,0.009001472048904072,0.2866713328667133,0.00029408823823500005,50,0.8826776896778408,50,0.3412753962698968,50
transfer,specificity_gap,Specificity gap,True,baseline,all,"['shipped', 'baseline', 'agentic-noval', 'agentic']",198,0.549697573750604,0.549697573750604,0.5078300068688326,0.5918969016743638,0.02158172041801349,198,0.00022451182210540694,-0.025671783591235474,0.026883638443074717,0.9883011698830118,0.5494730619284987,0.5494730619284987,0.5055664112802594,0.591396847926204,0.021967385532362656,198,,,,,0.5104808105755076,0.5104808105755076,0.46844304483745774,0.5520878643487545,0.021542912006399538,198,-0.03899225135299111,-0.06459629455326311,-0.012586628330695846,0.0032996700329967,0.6927866360631513,0.6927866360631513,0.6513885329912791,0.7330268802640961,0.020832839723117932,198,0.1433135741346526,0.11563051567354708,0.17120356318621138,9.999000099990002e-05,1.0,50,0.0074992500749925,50,0.00017855357321410717,50
transfer,boilerplate_fraction,Boilerplate criterion fraction,False,baseline,all,"['shipped', 'baseline', 'agentic-noval', 'agentic']",198,0.051235661084145935,0.051235661084145935,0.04145905301208331,0.0613090182124273,0.005055533402810486,198,-0.04291588948451693,-0.05713837867915408,-0.02858738572363795,9.999000099990002e-05,0.09415155056866287,0.09415155056866287,0.08222112553551947,0.10645018755424278,0.006175458613585699,198,,,,,0.08334406194254679,0.08334406194254679,0.07035016102724435,0.09688879127326096,0.006757690561362371,198,-0.010807488626116076,-0.027610660902773202,0.005998760824406989,0.20677932206779323,0.07347059506150413,0.07347059506150413,0.0589317728427577,0.0891585683536441,0.007759782404978031,198,-0.02068095550715872,-0.03942389338891122,-0.001322397872642979,0.03949605039496051,0.00029408823823500005,50,0.28719350287193507,50,0.05302101368810487,50
transfer,specific_fraction,Query-specific criterion fraction,True,baseline,all,"['shipped', 'baseline', 'agentic-noval', 'agentic']",198,0.5475595252110402,0.5475595252110402,0.5047813220729888,0.5900353140125868,0.02178939509668795,198,-0.0007758977010313908,-0.027156236040482916,0.026530412896834457,0.957004299570043,0.5483354229120717,0.5483354229120717,0.5058695604545648,0.5895183325001729,0.021409650674724418,198,,,,,0.49416656575747486,0.49416656575747486,0.45355333989803687,0.5350420447958326,0.020935880394535426,198,-0.054168857154596906,-0.07877829380586733,-0.028825773858082243,9.999000099990002e-05,0.6716548112381446,0.6716548112381446,0.6298494201855944,0.7122768037588114,0.021016017683528638,198,0.12331938832607284,0.09597019858689869,0.1512229239368277,9.999000099990002e-05,1.0,50,0.00026313158157868424,50,0.00017855357321410717,50
coverage,claim_recall,Gold-claim recall,True,baseline,all,"['shipped', 'baseline', 'agentic-noval', 'agentic']",197,0.9665504858563785,0.9665504858563785,0.9546184533023808,0.9775402833130845,0.005910333656418181,197,0.007875911087122742,-0.006099287400600575,0.022210693344273127,0.27247275272472754,0.9586745747692559,0.9586745747692559,0.9454157376899321,0.9708698484593706,0.006527922323644812,197,,,,,0.9696047384392055,0.9696047384392055,0.9584979694025182,0.9797270021984569,0.005428621366944235,197,0.010930163669949717,-0.0018882512705133338,0.024752834010537475,0.11298870112988701,0.9568506364207872,0.9568506364207872,0.9414107115200603,0.970519372537208,0.007430670661278096,197,-0.001823938348468707,-0.02007243292189236,0.016116683410225763,0.8467153284671532,0.34059094090590947,50,0.17119500171195004,50,0.8819951338199513,50
coverage,claim_recall_core,Core gold-claim recall,True,baseline,all,"['shipped', 'baseline', 'agentic-noval', 'agentic']",197,0.9773307206048323,0.9773307206048323,0.9631346582774246,0.9888728185238337,0.006665306819249746,197,0.005147651277092904,-0.006763915899385441,0.0170440124596216,0.3955604439556044,0.9721830693277393,0.9721830693277393,0.9574793584517568,0.9842314025864153,0.006924585923077269,197,,,,,0.9801818014605415,0.9801818014605415,0.9669434325606877,0.9905281712539477,0.0061024900726099045,197,0.007998732132802003,-0.0028536427616376848,0.02003114420664436,0.1603839616038396,0.9654607063087206,0.9654607063087206,0.9477667267787452,0.9800670792082408,0.008272702510542084,197,-0.006722363019018736,-0.023471731625098306,0.009595749409593086,0.4333566643335666,0.4823907853117127,50,0.2291199451483423,50,0.5001722050017221,50
coverage,grounded_fraction,Grounded criterion fraction,True,baseline,all,"['shipped', 'baseline', 'agentic-noval', 'agentic']",198,0.5894155087336905,0.5894155087336905,0.5609559253877436,0.6185830653633684,0.014759412489627942,198,-0.057574868024957156,-0.08666660143431534,-0.027913102486409103,0.00019998000199980003,0.6469903767586477,0.6469903767586477,0.6100009745074362,0.6831283284369292,0.0186875838763542,198,,,,,0.6172033283775709,0.6172033283775709,0.5736827906240785,0.659410767228002,0.021947209596997728,198,-0.029787048381076896,-0.05918014475250437,-0.0007128016937508898,0.04659534046595341,0.7649995557192527,0.7649995557192527,0.7270592410885972,0.8016624128887385,0.01921779862623477,198,0.118009178960605,0.08885554094639435,0.14764747838193693,9.999000099990002e-05,0.0004999500049995,50,0.08320596511777394,50,0.00017855357321410717,50
coverage,generic_fraction,Generic criterion fraction,False,baseline,all,"['shipped', 'baseline', 'agentic-noval', 'agentic']",198,0.22008835720956932,0.22008835720956932,0.20186625804050048,0.23885971106615045,0.009371126153456873,198,0.12058543803196212,0.09827554080896325,0.14281827696878946,9.999000099990002e-05,0.09950291917760723,0.09950291917760723,0.08500278139204163,0.11503656474244707,0.007665220683184821,198,,,,,0.021154231570898237,0.021154231570898237,0.013123402446319115,0.030260817500400827,0.0043810842857704676,198,-0.078348687606709,-0.0960566275570175,-0.06086144022223567,9.999000099990002e-05,0.009287373681313075,0.009287373681313075,0.004597596216914399,0.015016813643707582,0.0026649039752771235,198,-0.09021554549629415,-0.1051273198025649,-0.07578277628244208,9.999000099990002e-05,0.00029408823823500005,50,0.00026313158157868424,50,0.00017855357321410717,50
coverage,unsupported_fraction,Unsupported criterion fraction,False,baseline,all,"['shipped', 'baseline', 'agentic-noval', 'agentic']",198,0.19049613405674012,0.19049613405674012,0.16319102579519246,0.21918060930371533,0.014389483300694408,198,-0.06301057000700494,-0.09354627029816424,-0.03313420468667795,9.999000099990002e-05,0.2535067040637451,0.2535067040637451,0.21671820642798806,0.2920037478448797,0.019144827544126268,198,,,,,0.361642440051531,0.361642440051531,0.3191965315828952,0.40508674196174194,0.021998016778142705,198,0.10813573598778588,0.08042263615848731,0.13634447038775246,9.999000099990002e-05,0.22571307059943424,0.22571307059943424,0.18911284282496402,0.2638840406927528,0.019307195323362957,198,-0.027793633464310828,-0.05682209940732667,0.0009454619227903461,0.059494050594940506,0.00029408823823500005,50,0.00026313158157868424,50,0.07627442383966732,50
coverage,subquestion_coverage,Sub-question coverage,True,baseline,all,"['shipped', 'baseline', 'agentic-noval', 'agentic']",72,1.0,1.0,1.0,1.0,0.0,72,0.0,0.0,0.0,1.0,1.0,1.0,1.0,1.0,0.0,72,,,,,1.0,1.0,1.0,1.0,0.0,72,0.0,0.0,0.0,1.0,0.973611111111111,0.973611111111111,0.9504629629629631,0.9925925925925926,0.010966403647007275,72,-0.02638888888888889,-0.049074074074074076,-0.007407407407407408,0.031996800319968,1.0,50,1.0,50,0.0444400004444,50
intrinsic,objective_fraction,Objectively checkable fraction,True,baseline,all,"['shipped', 'baseline', 'agentic-noval', 'agentic']",198,0.7046005201308232,0.7046005201308232,0.6789721578926124,0.7292797199994168,0.012666525025543206,198,-0.2221927112301444,-0.24998456759207652,-0.19479180527253165,9.999000099990002e-05,0.9267932313609675,0.9267932313609675,0.9150263856513856,0.9378338929135498,0.005822924708036362,198,,,,,0.9889734984431955,0.9889734984431955,0.9832033742071621,0.993839614545107,0.0027055132476462673,198,0.06218026708222787,0.04966047183571693,0.07478666982733381,9.999000099990002e-05,0.9890344433905041,0.9890344433905041,0.9834466680205317,0.9938752135911226,0.002668188208715497,198,0.062241212029536454,0.04957505675977156,0.07529929865184991,9.999000099990002e-05,0.00029408823823500005,50,0.00026313158157868424,50,0.00017855357321410717,50
intrinsic,self_agreement_rate,Judge self-agreement rate,True,baseline,all,"['shipped', 'baseline', 'agentic-noval', 'agentic']",198,0.9290018483200301,0.9290018483200301,0.9138078265729782,0.9430733050619413,0.007432214239751626,198,-0.03693399754005815,-0.053233322513625544,-0.022136029654969056,9.999000099990002e-05,0.9659358458600883,0.9659358458600883,0.9570063459268005,0.9740531052841659,0.00433571442630827,198,,,,,0.962690760418033,0.962690760418033,0.9533145591431577,0.9712714694816967,0.004614457294919028,198,-0.0032450854420551355,-0.015289207495646884,0.008729692901094415,0.5917408259174083,0.9669875999421453,0.9669875999421453,0.9567941629778752,0.976383004621641,0.005012503760136542,198,0.0010517540820571155,-0.010907899269641688,0.012847677014343676,0.8647135286471352,0.00029408823823500005,50,0.7056437213421515,50,0.882360743517485,50
intrinsic,kappa,Judge self-agreement kappa,True,baseline,all,"['shipped', 'baseline', 'agentic-noval', 'agentic']",81,0.7230318749831294,0.7371518073338386,0.685364182028287,0.7873537893280238,0.025844556560891026,171,-0.12367646224659119,-0.20784410383926347,-0.041629135295256185,0.0046995300469953,0.8467083372297204,0.8465843643359899,0.8036870432980194,0.8861018873873947,0.021249228736519868,153,,,,,0.8647433490148024,0.8352399206339378,0.7924259224207088,0.8746794884914686,0.021062581526259887,168,0.018035011785081777,-0.052723065972995635,0.08704467943999701,0.6105389461053895,0.7673445720708528,0.7216057729209091,0.6462058021104411,0.7960246296950857,0.038023772246946835,101,-0.07936376515886776,-0.15243307271863563,-0.006994935553988649,0.0402959704029597,0.007343015698430157,50,0.7099290070992901,50,0.05302101368810487,50
intrinsic,mean_checks_per_criterion,Checks per criterion (atomicity),False,baseline,all,"['shipped', 'baseline', 'agentic-noval', 'agentic']",198,1.4064901848992757,1.4064901848992757,1.3512719253249559,1.4657999891522617,0.029606536887852135,198,0.158882841592289,0.10012085792500232,0.2210864842187258,9.999000099990002e-05,1.247607343306987,1.247607343306987,1.2117880879807128,1.2848280251182436,0.018856328548288396,198,,,,,1.2892135782287297,1.2892135782287297,1.2513786292621518,1.32914056604871,0.019918614450376432,198,0.041606234921742945,-0.0011823893369125094,0.08313196661932178,0.05879412058794121,1.230804282698222,1.230804282698222,1.198562282449593,1.2664782956591667,0.017418626458198826,198,-0.01680306060876472,-0.060656034997055484,0.026957737890781562,0.45015498450154984,0.00029408823823500005,50,0.09799020097990202,50,0.5001722050017221,50
intrinsic,atomic_fraction,Atomic criterion fraction,True,baseline,all,"['shipped', 'baseline', 'agentic-noval', 'agentic']",198,0.6857643058400633,0.6857643058400633,0.6508040181619729,0.7193337985667532,0.01772742991811888,198,-0.10903625159418387,-0.14646454275242152,-0.07252713216505552,9.999000099990002e-05,0.7948005574342473,0.7948005574342473,0.7653047365463809,0.823146977490226,0.014807087776018286,198,,,,,0.7544854275914882,0.7544854275914882,0.7222070516814835,0.7855190150407954,0.016135693361337456,198,-0.040315129842759076,-0.07403554379740879,-0.006572202606349231,0.022297770222977704,0.7984755354073535,0.7984755354073535,0.7706938822611171,0.8240772131207738,0.013616634718711456,198,0.003674977973106316,-0.030954224400080013,0.03766752336633129,0.831916808319168,0.00029408823823500005,50,0.042880327351880194,50,0.8819951338199513,50
intrinsic,weight_entropy,Weight-distribution entropy,,baseline,all,"['shipped', 'baseline', 'agentic-noval', 'agentic']",198,2.035743030194908,2.035743030194908,2.0145281065399936,2.058279133405593,0.011152865710031584,198,-0.08410104285354537,-0.12522133105344446,-0.042713059119444466,9.999000099990002e-05,2.119844073048453,2.119844073048453,2.088902243790008,2.15063304329575,0.0158599699661911,198,,,,,2.419735024447474,2.419735024447474,2.3824701293198918,2.454966549301642,0.018480103367059665,198,0.299890951399021,0.2692132949918017,0.32970239191382167,9.999000099990002e-05,2.173685873639072,2.173685873639072,2.1294355244743572,2.218535131679337,0.023029994550808813,198,0.05384180059061909,0.0047319533520415935,0.1027231973030825,0.029497050294970503,0.00029408823823500005,50,0.00026313158157868424,50,0.04213864327852929,50
lint,compliance_rate,RaR prompt compliance rate,True,baseline,all,"['shipped', 'baseline', 'agentic-noval', 'agentic']",198,0.8933321448472963,0.8933321448472963,0.8763154606336424,0.9097306358764691,0.008608327125506476,198,0.014633052133052138,-0.0064785162228344,0.03621316499157407,0.19768023197680232,0.8786990927142442,0.8786990927142442,0.8584688746999354,0.8981334571012599,0.01017276140845193,198,,,,,0.7785243236000811,0.7785243236000811,0.7514962294649795,0.8049453811480326,0.013593789551122134,198,-0.10017476911416304,-0.12497027225720406,-0.07589032845661633,9.999000099990002e-05,0.7185589662862389,0.7185589662862389,0.6872966045598622,0.7483009533956505,0.015496063669956157,198,-0.1601401264280052,-0.1896470473269716,-0.13177542785497334,9.999000099990002e-05,0.2627368842063162,50,0.00026313158157868424,50,0.00017855357321410717,50
lint,polarity_single_rate,Single-polarity rubric rate (F6),True,baseline,all,"['shipped', 'baseline', 'agentic-noval', 'agentic']",198,0.5202020202020202,0.5202020202020202,0.4494949494949495,0.5858585858585859,0.0355311674829428,198,0.35353535353535354,0.2828282828282828,0.42424242424242425,9.999000099990002e-05,0.16666666666666666,0.16666666666666666,0.11616161616161616,0.2222222222222222,0.026454193725433544,198,,,,,1.0,1.0,1.0,1.0,0.0,198,0.8333333333333334,0.7777777777777778,0.8838383838383839,9.999000099990002e-05,1.0,1.0,1.0,1.0,0.0,198,0.8333333333333334,0.7777777777777778,0.8838383838383839,9.999000099990002e-05,0.00029408823823500005,50,0.00026313158157868424,50,0.00017855357321410717,50
lint,unclassified_polarity_rate,Unclassified polarity rate,False,baseline,all,"['shipped', 'baseline', 'agentic-noval', 'agentic']",198,0.018680912241518303,0.018680912241518303,0.012798280913811218,0.025338929098398796,0.003209152840396254,198,-0.04876997713450477,-0.06144397442525784,-0.03612651089255368,9.999000099990002e-05,0.06745088937602307,0.06745088937602307,0.05616008166587489,0.07922424834523766,0.005900947172289947,198,,,,,0.0,0.0,0.0,0.0,0.0,198,-0.06745088937602307,-0.07929090121603491,-0.0561931528191555,9.999000099990002e-05,0.0,0.0,0.0,0.0,0.0,198,-0.06745088937602307,-0.07929090121603491,-0.0561931528191555,9.999000099990002e-05,0.00029408823823500005,50,0.00026313158157868424,50,0.00017855357321410717,50
lint,negative_weight_rate,Negative-weight criterion rate,False,baseline,all,"['shipped', 'baseline', 'agentic-noval', 'agentic']",198,0.13686934558146677,0.13686934558146677,0.1283267164233073,0.1455001795342704,0.004352755883095137,198,-0.0854972831354293,-0.09718342436925327,-0.0740865211280764,9.999000099990002e-05,0.2223666287168961,0.2223666287168961,0.21368597258191732,0.23084052573078864,0.004291297288019429,198,,,,,0.1600369888248676,0.1600369888248676,0.1494081621591091,0.17008209593436863,0.005246057461436611,198,-0.062329639892028485,-0.07479034890103294,-0.0502193843222698,9.999000099990002e-05,0.15670489022761747,0.15670489022761747,0.1433206559153529,0.17087331106743983,0.007065457332710768,198,-0.0656617384892786,-0.08128175051247688,-0.05031380603823787,9.999000099990002e-05,0.00029408823823500005,50,0.00026313158157868424,50,0.00017855357321410717,50
lint,weight_order_violation_rate,Weight-order violations,False,baseline,all,"['shipped', 'baseline', 'agentic-noval', 'agentic']",198,0.1919191919191919,0.1919191919191919,0.13636363636363635,0.2474747474747475,0.02799154829681222,198,0.0,-0.0707070707070707,0.0707070707070707,1.0,0.1919191919191919,0.1919191919191919,0.13636363636363635,0.2474747474747475,0.028565375344459715,198,,,,,0.09595959595959595,0.09595959595959595,0.05555555555555555,0.1414141414141414,0.02118240957988957,198,-0.09595959595959595,-0.16666666666666666,-0.025252525252525252,0.011398860113988602,0.3686868686868687,0.3686868686868687,0.30303030303030304,0.43434343434343436,0.034228743865864476,198,0.17676767676767677,0.09090909090909091,0.2676767676767677,0.00019998000199980003,1.0,50,0.023747625237476255,50,0.0003333000033330001,50
lint,pitfall_mirror_rate,Pitfall mirrors a positive item (F7),False,baseline,all,"['shipped', 'baseline', 'agentic-noval', 'agentic']",198,0.07575757575757576,0.07575757575757576,0.04040404040404041,0.11616161616161616,0.018872543466740655,198,-0.18181818181818182,-0.25252525252525254,-0.11616161616161616,9.999000099990002e-05,0.25757575757575757,0.25757575757575757,0.19696969696969696,0.3181818181818182,0.03100559506239286,198,,,,,0.21212121212121213,0.21212121212121213,0.15656565656565657,0.2676767676767677,0.028969637160426776,198,-0.045454545454545456,-0.12626262626262627,0.03535353535353535,0.32756724327567244,0.20202020202020202,0.20202020202020202,0.14646464646464646,0.25757575757575757,0.028430678591613984,198,-0.05555555555555555,-0.13636363636363635,0.025252525252525252,0.22247775222477753,0.00029408823823500005,50,0.4426584368590168,50,0.271314331981436,50
adaptivity,n_items,Criteria per rubric,,baseline,all,"['shipped', 'baseline', 'agentic-noval', 'agentic']",198,8.565656565656566,8.565656565656566,8.363636363636363,8.782828282828282,0.10676196409320117,198,-0.797979797979798,-1.196969696969697,-0.40404040404040403,0.00019998000199980003,9.363636363636363,9.363636363636363,9.080808080808081,9.651515151515152,0.14389239493865263,198,,,,,12.38888888888889,12.38888888888889,11.984848484848484,12.777777777777779,0.20259699626671554,198,3.025252525252525,2.691919191919192,3.3585858585858586,9.999000099990002e-05,10.015151515151516,10.015151515151516,9.59078282828283,10.44949494949495,0.22280225205581805,198,0.6515151515151515,0.18686868686868688,1.121212121212121,0.0081991800819918,0.0004999500049995,50,0.00026313158157868424,50,0.012423000124230001,50
adaptivity,items_per_subpart,Criteria per sub-question,,baseline,all,"['shipped', 'baseline', 'agentic-noval', 'agentic']",198,8.512626262626263,8.512626262626263,8.29040404040404,8.742424242424242,0.11477910958531788,198,-0.7702020202020202,-1.1666666666666667,-0.3813131313131313,0.00019998000199980003,9.282828282828282,9.282828282828282,9.0,9.575757575757576,0.1476699326649176,198,,,,,12.280303030303031,12.280303030303031,11.868686868686869,12.681818181818182,0.20722634872516862,198,2.9974747474747474,2.6666666666666665,3.330808080808081,9.999000099990002e-05,9.909090909090908,9.909090909090908,9.482323232323232,10.343434343434344,0.2211298020074633,198,0.6262626262626263,0.16161616161616163,1.095959595959596,0.009299070092990702,0.0004999500049995,50,0.00026313158157868424,50,0.013675103077927502,50
adaptivity,orphan_subpart_rate,Orphan sub-questions,False,baseline,all,"['shipped', 'baseline', 'agentic-noval', 'agentic']",3,0.0,0.0,0.0,0.0,0.0,3,0.0,0.0,0.0,1.0,0.0,0.0,0.0,0.0,0.0,3,,,,,0.0,0.0,0.0,0.0,0.0,3,0.0,0.0,0.0,1.0,0.0,0.0,0.0,0.0,0.0,3,0.0,0.0,0.0,1.0,1.0,50,1.0,50,1.0,50
