case_id,prediction
rubric_eval_1,A
rubric_eval_2,A
rubric_eval_3,A
rubric_eval_4,B
rubric_eval_5,A
rubric_eval_6,A
rubric_eval_7,B
rubric_eval_8,B
rubric_eval_9,B
rubric_eval_10,A
rubric_eval_11,B
rubric_eval_12,B
rubric_eval_13,B
rubric_eval_14,B
rubric_eval_15,A
rubric_eval_16,A
rubric_eval_17,B
rubric_eval_18,B
rubric_eval_19,B
rubric_eval_20,B
rubric_eval_21,A
rubric_eval_22,A
rubric_eval_23,B
rubric_eval_24,B
rubric_eval_25,A
rubric_eval_26,B
rubric_eval_27,A
rubric_eval_28,A
rubric_eval_29,B
rubric_eval_30,B
rubric_eval_31,B
rubric_eval_32,B
rubric_eval_33,B
rubric_eval_34,A
rubric_eval_35,A
rubric_eval_36,A
rubric_eval_37,B
rubric_eval_38,A
rubric_eval_39,A
rubric_eval_40,B
rubric_eval_41,B
rubric_eval_42,B
rubric_eval_43,B
rubric_eval_44,B
rubric_eval_45,B
rubric_eval_46,A
rubric_eval_47,B
rubric_eval_48,A
rubric_eval_49,B
rubric_eval_50,B
rubric_eval_51,A
rubric_eval_52,A
rubric_eval_53,B
rubric_eval_54,A
rubric_eval_55,A
rubric_eval_56,B
rubric_eval_57,B
rubric_eval_58,B
rubric_eval_59,A
rubric_eval_60,B
rubric_eval_61,B
rubric_eval_62,B
rubric_eval_63,B
rubric_eval_64,B
rubric_eval_65,A
rubric_eval_66,A
rubric_eval_67,A
rubric_eval_68,A
rubric_eval_69,B
rubric_eval_70,A
rubric_eval_71,A
rubric_eval_72,A
rubric_eval_73,B
rubric_eval_74,B
rubric_eval_75,A
rubric_eval_76,A
rubric_eval_77,A
rubric_eval_78,B
rubric_eval_79,A
rubric_eval_80,A
rubric_eval_81,A
rubric_eval_82,A
rubric_eval_83,A
rubric_eval_84,A
rubric_eval_85,B
rubric_eval_86,B
rubric_eval_87,A
rubric_eval_88,B
rubric_eval_89,A
rubric_eval_90,B
rubric_eval_91,A
rubric_eval_92,B
rubric_eval_93,B
rubric_eval_94,B
rubric_eval_95,B
rubric_eval_96,A
rubric_eval_97,A
rubric_eval_98,A
rubric_eval_99,A
rubric_eval_100,A
rubric_eval_101,A
rubric_eval_102,B
rubric_eval_103,A
rubric_eval_104,B
rubric_eval_105,B
rubric_eval_106,A
rubric_eval_107,A
rubric_eval_108,B
rubric_eval_109,B
rubric_eval_110,B
rubric_eval_111,A
rubric_eval_112,A
rubric_eval_113,A
rubric_eval_114,A
rubric_eval_115,A
rubric_eval_116,B
rubric_eval_117,B
rubric_eval_118,A
rubric_eval_119,B
rubric_eval_120,B
rubric_eval_121,A
rubric_eval_122,B
rubric_eval_123,B
rubric_eval_124,A
rubric_eval_125,A
rubric_eval_126,B
rubric_eval_127,A
rubric_eval_128,B
rubric_eval_129,A
rubric_eval_130,B
rubric_eval_131,A
rubric_eval_132,A
rubric_eval_133,B
rubric_eval_134,B
rubric_eval_135,B
rubric_eval_136,A
rubric_eval_137,A
rubric_eval_138,A
rubric_eval_139,A
rubric_eval_140,A
rubric_eval_141,A
rubric_eval_142,A
rubric_eval_143,B
rubric_eval_144,B
rubric_eval_145,B
rubric_eval_146,A
rubric_eval_147,A
rubric_eval_148,B
rubric_eval_149,B
rubric_eval_150,A
rubric_eval_151,A
rubric_eval_152,B
rubric_eval_153,B
rubric_eval_154,B
rubric_eval_155,A
rubric_eval_156,B
rubric_eval_157,B
rubric_eval_158,A
rubric_eval_159,B
rubric_eval_160,B
rubric_eval_161,B
rubric_eval_162,B
rubric_eval_163,B
rubric_eval_164,A
rubric_eval_165,A
rubric_eval_166,B
rubric_eval_167,A
rubric_eval_168,B
rubric_eval_169,B
rubric_eval_170,A
rubric_eval_171,B
rubric_eval_172,B
rubric_eval_173,A
rubric_eval_174,B
rubric_eval_175,B
rubric_eval_176,B
rubric_eval_177,A
rubric_eval_178,A
rubric_eval_179,B
rubric_eval_180,A
rubric_eval_181,A
rubric_eval_182,A
rubric_eval_183,A
rubric_eval_184,B
rubric_eval_185,B
rubric_eval_186,A
rubric_eval_187,B
rubric_eval_188,B
rubric_eval_189,B
rubric_eval_190,A
rubric_eval_191,B
rubric_eval_192,B
rubric_eval_193,B
rubric_eval_194,A
rubric_eval_195,A
rubric_eval_196,B
rubric_eval_197,A
rubric_eval_198,A
rubric_eval_199,A
rubric_eval_200,B
rubric_eval_201,A
rubric_eval_202,A
rubric_eval_203,B
rubric_eval_204,B
rubric_eval_205,B
rubric_eval_206,B
rubric_eval_207,A
rubric_eval_208,A
rubric_eval_209,B
rubric_eval_210,B
rubric_eval_211,B
rubric_eval_212,B
rubric_eval_213,A
rubric_eval_214,B
rubric_eval_215,B
rubric_eval_216,B
rubric_eval_217,B
rubric_eval_218,B
rubric_eval_219,B
rubric_eval_220,A
rubric_eval_221,B
rubric_eval_222,B
rubric_eval_223,A
rubric_eval_224,B
rubric_eval_225,B
rubric_eval_226,B
rubric_eval_227,B
rubric_eval_228,B
rubric_eval_229,A
rubric_eval_230,B
rubric_eval_231,B
rubric_eval_232,B
rubric_eval_233,A
rubric_eval_234,B
rubric_eval_235,A
rubric_eval_236,A
rubric_eval_237,B
rubric_eval_238,A
rubric_eval_239,B
rubric_eval_240,B
rubric_eval_241,A
rubric_eval_242,B
rubric_eval_243,A
rubric_eval_244,A
rubric_eval_245,A
rubric_eval_246,B
rubric_eval_247,B
rubric_eval_248,A
rubric_eval_249,A
rubric_eval_250,B
rubric_eval_251,B
rubric_eval_252,B
rubric_eval_253,B
rubric_eval_254,B
rubric_eval_255,A
rubric_eval_256,A
rubric_eval_257,B
rubric_eval_258,A
rubric_eval_259,B
rubric_eval_260,B
rubric_eval_261,B
rubric_eval_262,B
rubric_eval_263,B
rubric_eval_264,B
rubric_eval_265,B
rubric_eval_266,B
rubric_eval_267,B
rubric_eval_268,A
rubric_eval_269,B
rubric_eval_270,A
rubric_eval_271,A
rubric_eval_272,A
rubric_eval_273,A
rubric_eval_274,B
rubric_eval_275,B
rubric_eval_276,B
rubric_eval_277,B
rubric_eval_278,B
rubric_eval_279,B
rubric_eval_280,A
rubric_eval_281,B
rubric_eval_282,B
rubric_eval_283,B
rubric_eval_284,A
rubric_eval_285,A
rubric_eval_286,B
rubric_eval_287,A
rubric_eval_288,B
rubric_eval_289,A
rubric_eval_290,B
rubric_eval_291,A
rubric_eval_292,A
rubric_eval_293,A
rubric_eval_294,B
rubric_eval_295,B
rubric_eval_296,A
rubric_eval_297,A
rubric_eval_298,A
rubric_eval_299,B
rubric_eval_300,A
rubric_eval_301,A
rubric_eval_302,A
rubric_eval_303,B
rubric_eval_304,A
rubric_eval_305,B
rubric_eval_306,A
rubric_eval_307,B
rubric_eval_308,B
rubric_eval_309,B
rubric_eval_310,B
rubric_eval_311,A
rubric_eval_312,A
rubric_eval_313,B
rubric_eval_314,B
rubric_eval_315,B
rubric_eval_316,B
rubric_eval_317,B
rubric_eval_318,A
rubric_eval_319,B
rubric_eval_320,B
rubric_eval_321,B
rubric_eval_322,B
rubric_eval_323,A
rubric_eval_324,B
rubric_eval_325,A
rubric_eval_326,B
rubric_eval_327,A
rubric_eval_328,B
rubric_eval_329,A
rubric_eval_330,B
rubric_eval_331,A
rubric_eval_332,B
rubric_eval_333,B
rubric_eval_334,A
rubric_eval_335,B
rubric_eval_336,B
rubric_eval_337,A
rubric_eval_338,B
rubric_eval_339,B
rubric_eval_340,B
rubric_eval_341,A
rubric_eval_342,B
rubric_eval_343,B
rubric_eval_344,B
rubric_eval_345,A
rubric_eval_346,B
rubric_eval_347,A
rubric_eval_348,B
rubric_eval_349,B
rubric_eval_350,A
rubric_eval_351,B
rubric_eval_352,A
rubric_eval_353,A
rubric_eval_354,A
rubric_eval_355,B
rubric_eval_356,A
rubric_eval_357,B
rubric_eval_358,A
rubric_eval_359,B
rubric_eval_360,A
rubric_eval_361,A
rubric_eval_362,A
rubric_eval_363,B
rubric_eval_364,B
rubric_eval_365,B
rubric_eval_366,B
rubric_eval_367,B
rubric_eval_368,A
rubric_eval_369,A
rubric_eval_370,B
rubric_eval_371,A
rubric_eval_372,B
rubric_eval_373,A
rubric_eval_374,A
rubric_eval_375,A
rubric_eval_376,B
rubric_eval_377,B
rubric_eval_378,A
rubric_eval_379,B
rubric_eval_380,A
rubric_eval_381,B
rubric_eval_382,A
rubric_eval_383,B
rubric_eval_384,B
rubric_eval_385,A
rubric_eval_386,A
rubric_eval_387,A
rubric_eval_388,B
rubric_eval_389,A
rubric_eval_390,B
rubric_eval_391,B
rubric_eval_392,A
rubric_eval_393,B
rubric_eval_394,A
rubric_eval_395,B
rubric_eval_396,B
rubric_eval_397,B
rubric_eval_398,B
rubric_eval_399,B
rubric_eval_400,A
rubric_eval_401,B
rubric_eval_402,A
rubric_eval_403,B
rubric_eval_404,B
rubric_eval_405,A
rubric_eval_406,A
rubric_eval_407,B
rubric_eval_408,A
rubric_eval_409,B
rubric_eval_410,B
rubric_eval_411,B
rubric_eval_412,A
rubric_eval_413,A
rubric_eval_414,A
rubric_eval_415,B
rubric_eval_416,B
rubric_eval_417,B
rubric_eval_418,B
rubric_eval_419,A
rubric_eval_420,A
rubric_eval_421,B
rubric_eval_422,B
rubric_eval_423,B
rubric_eval_424,B
rubric_eval_425,B
rubric_eval_426,B
rubric_eval_427,A
rubric_eval_428,B
rubric_eval_429,A
rubric_eval_430,B
rubric_eval_431,B
rubric_eval_432,B
rubric_eval_433,A
rubric_eval_434,A
rubric_eval_435,A
rubric_eval_436,A
rubric_eval_437,A
rubric_eval_438,A
rubric_eval_439,B
rubric_eval_440,A
rubric_eval_441,B
rubric_eval_442,A
rubric_eval_443,B
rubric_eval_444,A
rubric_eval_445,A
rubric_eval_446,A
rubric_eval_447,B
rubric_eval_448,B
rubric_eval_449,A
rubric_eval_450,B
rubric_eval_451,A
rubric_eval_452,A
rubric_eval_453,A
rubric_eval_454,B
rubric_eval_455,A
rubric_eval_456,A
rubric_eval_457,A
rubric_eval_458,B
rubric_eval_459,A
rubric_eval_460,B
rubric_eval_461,A
rubric_eval_462,B
rubric_eval_463,B
rubric_eval_464,B
rubric_eval_465,A
rubric_eval_466,B
rubric_eval_467,A
rubric_eval_468,B
rubric_eval_469,B
rubric_eval_470,A
rubric_eval_471,A
rubric_eval_472,A
rubric_eval_473,B
rubric_eval_474,A
rubric_eval_475,B
rubric_eval_476,A
rubric_eval_477,A
rubric_eval_478,B
rubric_eval_479,B
rubric_eval_480,B
rubric_eval_481,A
rubric_eval_482,B
rubric_eval_483,A
rubric_eval_484,A
rubric_eval_485,A
rubric_eval_486,B
rubric_eval_487,B
rubric_eval_488,A
rubric_eval_489,B
rubric_eval_490,B
rubric_eval_491,B
rubric_eval_492,A
rubric_eval_493,A
rubric_eval_494,A
rubric_eval_495,B
rubric_eval_496,B
rubric_eval_497,A
rubric_eval_498,B
rubric_eval_499,A
rubric_eval_500,B
rubric_eval_501,B
rubric_eval_502,B
rubric_eval_503,A
rubric_eval_504,B
rubric_eval_505,A
rubric_eval_506,A
rubric_eval_507,B
rubric_eval_508,B
rubric_eval_509,A
rubric_eval_510,A
rubric_eval_511,A
rubric_eval_512,A
rubric_eval_513,A
rubric_eval_514,B
rubric_eval_515,B
rubric_eval_516,A
rubric_eval_517,B
rubric_eval_518,A
rubric_eval_519,B
rubric_eval_520,B
rubric_eval_521,B
rubric_eval_522,B
rubric_eval_523,B
rubric_eval_524,B
rubric_eval_525,A
rubric_eval_526,B
rubric_eval_527,A
rubric_eval_528,B
rubric_eval_529,B
rubric_eval_530,A
rubric_eval_531,B
rubric_eval_532,A
rubric_eval_533,A
rubric_eval_534,A
rubric_eval_535,A
rubric_eval_536,B
rubric_eval_537,A
rubric_eval_538,B
rubric_eval_539,B
rubric_eval_540,B
rubric_eval_541,B
rubric_eval_542,B
rubric_eval_543,B
rubric_eval_544,B
rubric_eval_545,B
rubric_eval_546,A
rubric_eval_547,B
rubric_eval_548,B
rubric_eval_549,A
rubric_eval_550,B
rubric_eval_551,A
rubric_eval_552,A
rubric_eval_553,A
rubric_eval_554,B
rubric_eval_555,B
rubric_eval_556,A
rubric_eval_557,B
rubric_eval_558,B
rubric_eval_559,B
rubric_eval_560,A
rubric_eval_561,B
rubric_eval_562,B
rubric_eval_563,A
rubric_eval_564,A
rubric_eval_565,A
rubric_eval_566,A
rubric_eval_567,A
rubric_eval_568,A
rubric_eval_569,A
rubric_eval_570,B
rubric_eval_571,A
rubric_eval_572,A
rubric_eval_573,B
rubric_eval_574,A
rubric_eval_575,B
rubric_eval_576,A
rubric_eval_577,A
rubric_eval_578,B
rubric_eval_579,B
rubric_eval_580,B
rubric_eval_581,A
rubric_eval_582,A
rubric_eval_583,A
rubric_eval_584,B
rubric_eval_585,B
rubric_eval_586,A
rubric_eval_587,A
rubric_eval_588,A
rubric_eval_589,A
rubric_eval_590,B
rubric_eval_591,B
rubric_eval_592,B
rubric_eval_593,A
rubric_eval_594,A
rubric_eval_595,A
rubric_eval_596,A
rubric_eval_597,A
rubric_eval_598,A
rubric_eval_599,A
rubric_eval_600,A
rubric_eval_601,B
rubric_eval_602,A
rubric_eval_603,B
rubric_eval_604,A
rubric_eval_605,A
rubric_eval_606,A
rubric_eval_607,B
rubric_eval_608,A
rubric_eval_609,B
rubric_eval_610,A
rubric_eval_611,B
rubric_eval_612,A
rubric_eval_613,A
rubric_eval_614,B
rubric_eval_615,B
rubric_eval_616,B
rubric_eval_617,B
rubric_eval_618,B
rubric_eval_619,B
rubric_eval_620,A
rubric_eval_621,B
rubric_eval_622,A
rubric_eval_623,A
rubric_eval_624,B
rubric_eval_625,A
rubric_eval_626,B
rubric_eval_627,A
rubric_eval_628,B
rubric_eval_629,B
rubric_eval_630,B
rubric_eval_631,B
rubric_eval_632,B
rubric_eval_633,A
rubric_eval_634,A
rubric_eval_635,B
rubric_eval_636,A
rubric_eval_637,A
rubric_eval_638,A
rubric_eval_639,A
rubric_eval_640,A
rubric_eval_641,B
rubric_eval_642,B
rubric_eval_643,B
rubric_eval_644,B
rubric_eval_645,B
rubric_eval_646,A
rubric_eval_647,B
rubric_eval_648,A
rubric_eval_649,A
rubric_eval_650,A
rubric_eval_651,A
rubric_eval_652,B
rubric_eval_653,A
rubric_eval_654,A
rubric_eval_655,B
rubric_eval_656,B
rubric_eval_657,A
rubric_eval_658,A
rubric_eval_659,B
rubric_eval_660,A
rubric_eval_661,B
rubric_eval_662,A
rubric_eval_663,B
rubric_eval_664,B
rubric_eval_665,B
rubric_eval_666,B
rubric_eval_667,A
rubric_eval_668,A
rubric_eval_669,B
rubric_eval_670,B
rubric_eval_671,A
rubric_eval_672,B
rubric_eval_673,B
rubric_eval_674,A
rubric_eval_675,B
rubric_eval_676,A
rubric_eval_677,A
rubric_eval_678,B
rubric_eval_679,A
rubric_eval_680,A
rubric_eval_681,A
rubric_eval_682,A
rubric_eval_683,A
rubric_eval_684,B
rubric_eval_685,A
rubric_eval_686,B
rubric_eval_687,B
rubric_eval_688,B
rubric_eval_689,A
rubric_eval_690,B
rubric_eval_691,B
rubric_eval_692,B
rubric_eval_693,A
rubric_eval_694,A
rubric_eval_695,B
rubric_eval_696,B
rubric_eval_697,A
rubric_eval_698,A
rubric_eval_699,A
rubric_eval_700,A
rubric_eval_701,B
rubric_eval_702,A
rubric_eval_703,B
rubric_eval_704,B
rubric_eval_705,B
rubric_eval_706,A
rubric_eval_707,B
rubric_eval_708,A
rubric_eval_709,B
rubric_eval_710,A
rubric_eval_711,A
rubric_eval_712,B
rubric_eval_713,A
rubric_eval_714,A
rubric_eval_715,B
rubric_eval_716,B
rubric_eval_717,A
rubric_eval_718,B
rubric_eval_719,A
rubric_eval_720,A
rubric_eval_721,B
rubric_eval_722,B
rubric_eval_723,A
rubric_eval_724,A
rubric_eval_725,A
rubric_eval_726,A
rubric_eval_727,B
rubric_eval_728,B
rubric_eval_729,B
rubric_eval_730,A
rubric_eval_731,B
rubric_eval_732,A
rubric_eval_733,B
rubric_eval_734,A
rubric_eval_735,A
rubric_eval_736,B
rubric_eval_737,A
rubric_eval_738,B
rubric_eval_739,B
rubric_eval_740,B
rubric_eval_741,A
rubric_eval_742,A
rubric_eval_743,B
rubric_eval_744,B
rubric_eval_745,B
rubric_eval_746,B
rubric_eval_747,A
rubric_eval_748,A
rubric_eval_749,A
rubric_eval_750,B
rubric_eval_751,B
rubric_eval_752,A
rubric_eval_753,B
rubric_eval_754,A
rubric_eval_755,B
rubric_eval_756,B
rubric_eval_757,A
rubric_eval_758,A
rubric_eval_759,B
rubric_eval_760,A
rubric_eval_761,A
rubric_eval_762,B
rubric_eval_763,B
rubric_eval_764,A
rubric_eval_765,B
rubric_eval_766,B
rubric_eval_767,B
rubric_eval_768,B
rubric_eval_769,B
rubric_eval_770,B
rubric_eval_771,A
rubric_eval_772,B
rubric_eval_773,A
rubric_eval_774,B
rubric_eval_775,B
rubric_eval_776,A
rubric_eval_777,A
rubric_eval_778,A
rubric_eval_779,A
rubric_eval_780,A
rubric_eval_781,B
rubric_eval_782,B
rubric_eval_783,B
rubric_eval_784,B
rubric_eval_785,A
rubric_eval_786,A
rubric_eval_787,A
rubric_eval_788,A
rubric_eval_789,B
rubric_eval_790,B
rubric_eval_791,A
rubric_eval_792,B
rubric_eval_793,B
rubric_eval_794,B
rubric_eval_795,B
rubric_eval_796,B
rubric_eval_797,A
rubric_eval_798,B
rubric_eval_799,B
rubric_eval_800,B
rubric_eval_801,B
rubric_eval_802,A
rubric_eval_803,A
rubric_eval_804,B
rubric_eval_805,A
rubric_eval_806,A
rubric_eval_807,B
rubric_eval_808,A
rubric_eval_809,A
rubric_eval_810,B
rubric_eval_811,B
rubric_eval_812,B
rubric_eval_813,B
rubric_eval_814,B
rubric_eval_815,A
rubric_eval_816,B
rubric_eval_817,B
rubric_eval_818,A
rubric_eval_819,A
rubric_eval_820,B
rubric_eval_821,A
rubric_eval_822,A
rubric_eval_823,B
rubric_eval_824,A
rubric_eval_825,B
rubric_eval_826,B
rubric_eval_827,A
rubric_eval_828,B
rubric_eval_829,B
rubric_eval_830,B
rubric_eval_831,B
rubric_eval_832,A
rubric_eval_833,B
rubric_eval_834,A
rubric_eval_835,B
rubric_eval_836,A
rubric_eval_837,A
rubric_eval_838,A
rubric_eval_839,B
rubric_eval_840,B
rubric_eval_841,A
rubric_eval_842,B
rubric_eval_843,A
rubric_eval_844,B
rubric_eval_845,A
rubric_eval_846,B
rubric_eval_847,A
rubric_eval_848,A
rubric_eval_849,B
rubric_eval_850,B
rubric_eval_851,B
rubric_eval_852,A
rubric_eval_853,B
rubric_eval_854,B
rubric_eval_855,A
rubric_eval_856,B
rubric_eval_857,B
rubric_eval_858,A
rubric_eval_859,B
rubric_eval_860,B
rubric_eval_861,B
rubric_eval_862,A
rubric_eval_863,A
rubric_eval_864,A
rubric_eval_865,A
rubric_eval_866,B
rubric_eval_867,B
rubric_eval_868,B
rubric_eval_869,B
rubric_eval_870,B
rubric_eval_871,B
rubric_eval_872,B
rubric_eval_873,A
rubric_eval_874,B
rubric_eval_875,B
rubric_eval_876,A
rubric_eval_877,A
rubric_eval_878,B
rubric_eval_879,B
rubric_eval_880,B
rubric_eval_881,B
rubric_eval_882,A
rubric_eval_883,B
rubric_eval_884,B
rubric_eval_885,A
rubric_eval_886,A
rubric_eval_887,A
rubric_eval_888,A
rubric_eval_889,B
rubric_eval_890,A
rubric_eval_891,B
rubric_eval_892,A
rubric_eval_893,B
rubric_eval_894,B
rubric_eval_895,A
rubric_eval_896,A
rubric_eval_897,A
rubric_eval_898,A
rubric_eval_899,B
rubric_eval_900,A
rubric_eval_901,B
rubric_eval_902,B
rubric_eval_903,B
rubric_eval_904,A
rubric_eval_905,A
rubric_eval_906,B
rubric_eval_907,B
rubric_eval_908,A
rubric_eval_909,B
rubric_eval_910,A
rubric_eval_911,B
rubric_eval_912,A
rubric_eval_913,B
rubric_eval_914,B
rubric_eval_915,A
rubric_eval_916,B
rubric_eval_917,A
rubric_eval_918,B
rubric_eval_919,A
rubric_eval_920,B
rubric_eval_921,B
rubric_eval_922,A
rubric_eval_923,B
rubric_eval_924,A
rubric_eval_925,A
rubric_eval_926,A
rubric_eval_927,B
rubric_eval_928,B
rubric_eval_929,A
rubric_eval_930,B
rubric_eval_931,A
rubric_eval_932,B
rubric_eval_933,A
rubric_eval_934,B
rubric_eval_935,B
rubric_eval_936,B
rubric_eval_937,B
rubric_eval_938,B
rubric_eval_939,B
rubric_eval_940,A
rubric_eval_941,B
rubric_eval_942,A
rubric_eval_943,B
rubric_eval_944,A
rubric_eval_945,B
rubric_eval_946,B
rubric_eval_947,A
rubric_eval_948,A
rubric_eval_949,A
rubric_eval_950,B
rubric_eval_951,B
rubric_eval_952,B
rubric_eval_953,A
rubric_eval_954,B
rubric_eval_955,B
rubric_eval_956,A
rubric_eval_957,A
rubric_eval_958,B
rubric_eval_959,A
rubric_eval_960,B
rubric_eval_961,A
rubric_eval_962,A
rubric_eval_963,B
rubric_eval_964,B
rubric_eval_965,A
rubric_eval_966,A
rubric_eval_967,A
rubric_eval_968,B
rubric_eval_969,B
rubric_eval_970,A
rubric_eval_971,B
rubric_eval_972,A
rubric_eval_973,A
rubric_eval_974,B
rubric_eval_975,A
rubric_eval_976,A
rubric_eval_977,A
rubric_eval_978,A
rubric_eval_979,B
rubric_eval_980,A
rubric_eval_981,B
rubric_eval_982,A
rubric_eval_983,B
rubric_eval_984,A
rubric_eval_985,A
rubric_eval_986,A
rubric_eval_987,A
rubric_eval_988,B
rubric_eval_989,B
rubric_eval_990,A
rubric_eval_991,B
rubric_eval_992,A
rubric_eval_993,B
rubric_eval_994,B
rubric_eval_995,B
rubric_eval_996,B
rubric_eval_997,B
rubric_eval_998,A
rubric_eval_999,A
rubric_eval_1000,B
rubric_eval_1001,B
rubric_eval_1002,A
rubric_eval_1003,A
rubric_eval_1004,B
rubric_eval_1005,A
rubric_eval_1006,B
rubric_eval_1007,A
rubric_eval_1008,A
rubric_eval_1009,B
rubric_eval_1010,B
rubric_eval_1011,B
rubric_eval_1012,B
rubric_eval_1013,A
rubric_eval_1014,A
rubric_eval_1015,B
rubric_eval_1016,A
rubric_eval_1017,A
rubric_eval_1018,A
rubric_eval_1019,A
rubric_eval_1020,B
rubric_eval_1021,A
rubric_eval_1022,A
rubric_eval_1023,B
rubric_eval_1024,A
rubric_eval_1025,B
rubric_eval_1026,A
rubric_eval_1027,A
rubric_eval_1028,B
rubric_eval_1029,B
rubric_eval_1030,B
rubric_eval_1031,A
rubric_eval_1032,A
rubric_eval_1033,B
rubric_eval_1034,A
rubric_eval_1035,B
rubric_eval_1036,B
rubric_eval_1037,B
rubric_eval_1038,A
rubric_eval_1039,A
rubric_eval_1040,B
rubric_eval_1041,B
rubric_eval_1042,A
rubric_eval_1043,B
rubric_eval_1044,B
rubric_eval_1045,A
rubric_eval_1046,A
rubric_eval_1047,B
rubric_eval_1048,B
rubric_eval_1049,B
rubric_eval_1050,A
rubric_eval_1051,B
rubric_eval_1052,B
rubric_eval_1053,B
rubric_eval_1054,B
rubric_eval_1055,A
rubric_eval_1056,A
rubric_eval_1057,B
rubric_eval_1058,A
rubric_eval_1059,A
rubric_eval_1060,B
rubric_eval_1061,B
rubric_eval_1062,A
rubric_eval_1063,B
rubric_eval_1064,B
rubric_eval_1065,B
rubric_eval_1066,A
rubric_eval_1067,A
rubric_eval_1068,B
rubric_eval_1069,A
rubric_eval_1070,B
rubric_eval_1071,B
rubric_eval_1072,B
rubric_eval_1073,A
rubric_eval_1074,A
rubric_eval_1075,B
rubric_eval_1076,B
rubric_eval_1077,B
rubric_eval_1078,A
rubric_eval_1079,A
rubric_eval_1080,A
rubric_eval_1081,A
rubric_eval_1082,A
rubric_eval_1083,B
rubric_eval_1084,B
rubric_eval_1085,B
rubric_eval_1086,A
rubric_eval_1087,A
rubric_eval_1088,A
rubric_eval_1089,B
rubric_eval_1090,B
rubric_eval_1091,A
rubric_eval_1092,B
rubric_eval_1093,A
rubric_eval_1094,B
rubric_eval_1095,A
rubric_eval_1096,B
rubric_eval_1097,A
rubric_eval_1098,B
rubric_eval_1099,B
rubric_eval_1100,B
rubric_eval_1101,A
rubric_eval_1102,B
rubric_eval_1103,A
rubric_eval_1104,B
rubric_eval_1105,A
rubric_eval_1106,B
rubric_eval_1107,B
rubric_eval_1108,B
rubric_eval_1109,A
rubric_eval_1110,A
rubric_eval_1111,B
rubric_eval_1112,A
rubric_eval_1113,A
rubric_eval_1114,A
rubric_eval_1115,B
rubric_eval_1116,B
rubric_eval_1117,A
rubric_eval_1118,A
rubric_eval_1119,A
rubric_eval_1120,B
rubric_eval_1121,A
rubric_eval_1122,B
rubric_eval_1123,B
rubric_eval_1124,A
rubric_eval_1125,A
rubric_eval_1126,A
rubric_eval_1127,B
rubric_eval_1128,B
rubric_eval_1129,B
rubric_eval_1130,A
rubric_eval_1131,B
rubric_eval_1132,B
rubric_eval_1133,A
rubric_eval_1134,B
rubric_eval_1135,B
rubric_eval_1136,B
rubric_eval_1137,B
rubric_eval_1138,B
rubric_eval_1139,A
rubric_eval_1140,B
rubric_eval_1141,B
rubric_eval_1142,B
rubric_eval_1143,B
rubric_eval_1144,A
rubric_eval_1145,A
rubric_eval_1146,A
rubric_eval_1147,B
